traceKey,width,kind
ldut_debug_1_dmInner_dmInner_ctrlStateReg,2,reg
ldut_debug_1_dmInner_dmactive_synced_dmInner_io_innerCtrl_sink_valid_reg,1,reg
ldut_debug_1_dmInner_dmiXing_bundleIn_0_d_source_ready_reg,1,reg
ldut_debug_1_dmInner_dmiXing_bundleOut_0_a_sink_io_deq_bits_deq_bits_reg_cdc_reg,55,reg
ldut_debug_1_dmInner_dmiXing_bundleOut_0_a_sink_valid_reg,1,reg
ldut_debug_1_dmOuter_asource_bundleIn_0_d_sink_valid_reg,1,reg
ldut_debug_1_dmOuter_asource_bundleOut_0_a_source_widx_widx_bin,1,reg
ldut_debug_1_dmOuter_dmOuter_DMCONTROLReg_dmactive,1,reg
ldut_debug_1_dmOuter_dmiBypass_bar_bypass_reg,1,reg
ldut_debug_1_dmOuter_dmiBypass_bar_stall_counter,1,reg
ldut_debug_1_dmOuter_dmiBypass_error_beatsLeft,1,reg
ldut_debug_1_dmOuter_dmiBypass_error_idle,1,reg
ldut_debug_1_dmOuter_dmiXbar_beatsLeft,1,reg
ldut_debug_1_dmOuter_dmiXbar_readys_mask,2,reg
ldut_debug_1_dmOuter_io_innerCtrl_source_ready_reg,1,reg
ldut_intsource_1_reg_reg,1,reg
ldut_intsource_2_reg_reg,1,reg
ldut_plicDomainWrapper_plic_out_back_maybe_full,1,reg
ldut_plicDomainWrapper_plic_out_back_ram_extra_tlrr_extra_size,2,reg
ldut_plicDomainWrapper_plic_out_back_ram_extra_tlrr_extra_source,9,reg
ldut_plicDomainWrapper_plic_out_back_ram_index,23,reg
ldut_plicDomainWrapper_plic_out_back_ram_read,1,reg
ldut_plicDomainWrapper_plic_pending_0,1,reg
ldut_plicDomainWrapper_plic_pending_1,1,reg
ldut_subsystem_cbus_atomics_beatsLeft,9,reg
ldut_subsystem_cbus_atomics_cam_a_0_bits_address,28,reg
ldut_subsystem_cbus_atomics_cam_a_0_bits_size,4,reg
ldut_subsystem_cbus_atomics_cam_a_0_bits_source,5,reg
ldut_subsystem_cbus_atomics_cam_d_0_data,64,reg
ldut_subsystem_cbus_atomics_cam_s_0_state,2,reg
ldut_subsystem_cbus_atomics_d_first_counter,9,reg
ldut_subsystem_cbus_atomics_state_0,1,reg
ldut_subsystem_cbus_atomics_state_1,1,reg
ldut_subsystem_cbus_buffer_bundleIn_0_d_q_maybe_full,1,reg
ldut_subsystem_cbus_buffer_bundleIn_0_d_q_value,1,reg
ldut_subsystem_cbus_buffer_bundleIn_0_d_q_value_1,1,reg
ldut_subsystem_cbus_buffer_bundleOut_0_a_q_maybe_full,1,reg
ldut_subsystem_cbus_buffer_bundleOut_0_a_q_value,1,reg
ldut_subsystem_cbus_buffer_bundleOut_0_a_q_value_1,1,reg
ldut_subsystem_cbus_coupler_to_bootrom_fragmenter_dToggle,1,reg
ldut_subsystem_cbus_coupler_to_bootrom_fragmenter_gennum,3,reg
ldut_subsystem_cbus_coupler_to_bootrom_fragmenter_repeater_full,1,reg
ldut_subsystem_cbus_coupler_to_bootrom_fragmenter_repeater_saved_size,3,reg
ldut_subsystem_cbus_coupler_to_bootrom_fragmenter_repeater_saved_source,5,reg
ldut_subsystem_cbus_coupler_to_clint_fragmenter_dToggle,1,reg
ldut_subsystem_cbus_coupler_to_clint_fragmenter_gennum,3,reg
ldut_subsystem_cbus_coupler_to_clint_fragmenter_repeater_full,1,reg
ldut_subsystem_cbus_coupler_to_clint_fragmenter_repeater_saved_opcode,3,reg
ldut_subsystem_cbus_coupler_to_clint_fragmenter_repeater_saved_size,3,reg
ldut_subsystem_cbus_coupler_to_clint_fragmenter_repeater_saved_source,5,reg
ldut_subsystem_cbus_coupler_to_debug_fragmenter_dToggle,1,reg
ldut_subsystem_cbus_coupler_to_debug_fragmenter_gennum,3,reg
ldut_subsystem_cbus_coupler_to_debug_fragmenter_repeater_full,1,reg
ldut_subsystem_cbus_coupler_to_debug_fragmenter_repeater_saved_opcode,3,reg
ldut_subsystem_cbus_coupler_to_debug_fragmenter_repeater_saved_size,3,reg
ldut_subsystem_cbus_coupler_to_debug_fragmenter_repeater_saved_source,5,reg
ldut_subsystem_cbus_coupler_to_plic_fragmenter_repeater_full,1,reg
ldut_subsystem_cbus_coupler_to_plic_fragmenter_repeater_saved_opcode,3,reg
ldut_subsystem_cbus_coupler_to_plic_fragmenter_repeater_saved_size,3,reg
ldut_subsystem_cbus_fixer_a_first_counter,9,reg
ldut_subsystem_cbus_fixer_flight_0,1,reg
ldut_subsystem_cbus_fixer_flight_1,1,reg
ldut_subsystem_cbus_fixer_flight_10,1,reg
ldut_subsystem_cbus_fixer_flight_11,1,reg
ldut_subsystem_cbus_fixer_flight_12,1,reg
ldut_subsystem_cbus_fixer_flight_13,1,reg
ldut_subsystem_cbus_fixer_flight_14,1,reg
ldut_subsystem_cbus_fixer_flight_15,1,reg
ldut_subsystem_cbus_fixer_flight_2,1,reg
ldut_subsystem_cbus_fixer_flight_3,1,reg
ldut_subsystem_cbus_fixer_flight_4,1,reg
ldut_subsystem_cbus_fixer_flight_5,1,reg
ldut_subsystem_cbus_fixer_flight_6,1,reg
ldut_subsystem_cbus_fixer_flight_7,1,reg
ldut_subsystem_cbus_fixer_flight_8,1,reg
ldut_subsystem_cbus_fixer_flight_9,1,reg
ldut_subsystem_cbus_fixer_stalls_id,3,reg
ldut_subsystem_cbus_fixer_stalls_id_1,3,reg
ldut_subsystem_cbus_out_xbar_beatsLeft,9,reg
ldut_subsystem_cbus_out_xbar_readys_mask,5,reg
ldut_subsystem_cbus_out_xbar_state_0,1,reg
ldut_subsystem_cbus_out_xbar_state_1,1,reg
ldut_subsystem_cbus_out_xbar_state_2,1,reg
ldut_subsystem_cbus_out_xbar_state_3,1,reg
ldut_subsystem_cbus_out_xbar_state_4,1,reg
ldut_subsystem_cbus_wrapped_error_device_buffer_bundleIn_0_d_q_maybe_full,1,reg
ldut_subsystem_cbus_wrapped_error_device_buffer_bundleIn_0_d_q_value,1,reg
ldut_subsystem_cbus_wrapped_error_device_buffer_bundleIn_0_d_q_value_1,1,reg
ldut_subsystem_cbus_wrapped_error_device_buffer_bundleOut_0_a_q_maybe_full,1,reg
ldut_subsystem_cbus_wrapped_error_device_buffer_bundleOut_0_a_q_value,1,reg
ldut_subsystem_cbus_wrapped_error_device_buffer_bundleOut_0_a_q_value_1,1,reg
ldut_subsystem_cbus_wrapped_error_device_error_a_maybe_full,1,reg
ldut_subsystem_cbus_wrapped_error_device_error_a_ram_opcode,3,reg
ldut_subsystem_cbus_wrapped_error_device_error_a_ram_size,4,reg
ldut_subsystem_cbus_wrapped_error_device_error_a_ram_source,5,reg
ldut_subsystem_cbus_wrapped_error_device_error_a_last_counter,9,reg
ldut_subsystem_fbus_buffer_bundleIn_0_d_q_maybe_full,1,reg
ldut_subsystem_fbus_buffer_bundleIn_0_d_q_value,1,reg
ldut_subsystem_fbus_buffer_bundleIn_0_d_q_value_1,1,reg
ldut_subsystem_fbus_buffer_bundleOut_0_a_q_maybe_full,1,reg
ldut_subsystem_fbus_buffer_bundleOut_0_a_q_value,1,reg
ldut_subsystem_fbus_buffer_bundleOut_0_a_q_value_1,1,reg
ldut_subsystem_fbus_coupler_from_port_named_slave_port_axi4_axi42tl_b_count_1,3,reg
ldut_subsystem_fbus_coupler_from_port_named_slave_port_axi4_axi42tl_q_b_deq_maybe_full,1,reg
ldut_subsystem_fbus_coupler_from_port_named_slave_port_axi4_axi42tl_q_b_deq_ram_id,1,reg
ldut_subsystem_fbus_coupler_from_port_named_slave_port_axi4_axi4yank_QueueCompatibility_2_deq_ptr_value,2,reg
ldut_subsystem_fbus_coupler_from_port_named_slave_port_axi4_axi4yank_QueueCompatibility_3_deq_ptr_value,2,reg
ldut_subsystem_fbus_coupler_from_port_named_slave_port_axi4_buffer_bundleIn_0_d_q_maybe_full,1,reg
ldut_subsystem_fbus_coupler_from_port_named_slave_port_axi4_buffer_bundleIn_0_d_q_value_1,1,reg
ldut_subsystem_fbus_coupler_from_port_named_slave_port_axi4_buffer_bundleOut_0_a_q_maybe_full,1,reg
ldut_subsystem_fbus_coupler_from_port_named_slave_port_axi4_buffer_bundleOut_0_a_q_value,1,reg
ldut_subsystem_fbus_coupler_from_port_named_slave_port_axi4_buffer_bundleOut_0_a_q_value_1,1,reg
ldut_subsystem_fbus_coupler_from_port_named_slave_port_axi4_fixer_a_first_counter,9,reg
ldut_subsystem_fbus_coupler_from_port_named_slave_port_axi4_fixer_flight_0,1,reg
ldut_subsystem_fbus_coupler_from_port_named_slave_port_axi4_fixer_flight_1,1,reg
ldut_subsystem_fbus_coupler_from_port_named_slave_port_axi4_fixer_flight_10,1,reg
ldut_subsystem_fbus_coupler_from_port_named_slave_port_axi4_fixer_flight_11,1,reg
ldut_subsystem_fbus_coupler_from_port_named_slave_port_axi4_fixer_flight_12,1,reg
ldut_subsystem_fbus_coupler_from_port_named_slave_port_axi4_fixer_flight_13,1,reg
ldut_subsystem_fbus_coupler_from_port_named_slave_port_axi4_fixer_flight_14,1,reg
ldut_subsystem_fbus_coupler_from_port_named_slave_port_axi4_fixer_flight_15,1,reg
ldut_subsystem_fbus_coupler_from_port_named_slave_port_axi4_fixer_flight_2,1,reg
ldut_subsystem_fbus_coupler_from_port_named_slave_port_axi4_fixer_flight_3,1,reg
ldut_subsystem_fbus_coupler_from_port_named_slave_port_axi4_fixer_flight_4,1,reg
ldut_subsystem_fbus_coupler_from_port_named_slave_port_axi4_fixer_flight_5,1,reg
ldut_subsystem_fbus_coupler_from_port_named_slave_port_axi4_fixer_flight_6,1,reg
ldut_subsystem_fbus_coupler_from_port_named_slave_port_axi4_fixer_flight_7,1,reg
ldut_subsystem_fbus_coupler_from_port_named_slave_port_axi4_fixer_flight_8,1,reg
ldut_subsystem_fbus_coupler_from_port_named_slave_port_axi4_fixer_flight_9,1,reg
ldut_subsystem_fbus_coupler_from_port_named_slave_port_axi4_fixer_stalls_id_1,1,reg
ldut_subsystem_l2_wrapper_broadcast_1_REG,1,reg
ldut_subsystem_l2_wrapper_broadcast_1_TLBroadcastTracker$$inst_address,32,reg
ldut_subsystem_l2_wrapper_broadcast_1_TLBroadcastTracker$$inst_count,1,reg
ldut_subsystem_l2_wrapper_broadcast_1_TLBroadcastTracker$$inst_got_e,1,reg
ldut_subsystem_l2_wrapper_broadcast_1_TLBroadcastTracker$$inst_o_data_maybe_full,1,reg
ldut_subsystem_l2_wrapper_broadcast_1_TLBroadcastTracker$$inst_o_data_value,3,reg
ldut_subsystem_l2_wrapper_broadcast_1_TLBroadcastTracker$$inst_o_data_value_1,3,reg
ldut_subsystem_l2_wrapper_broadcast_1_TLBroadcastTracker$$inst_opcode,3,reg
ldut_subsystem_l2_wrapper_broadcast_1_TLBroadcastTracker$$inst_sent_d,1,reg
ldut_subsystem_l2_wrapper_broadcast_1_TLBroadcastTracker$$inst_shared,1,reg
ldut_subsystem_l2_wrapper_broadcast_1_TLBroadcastTracker$$inst_size,3,reg
ldut_subsystem_l2_wrapper_broadcast_1_TLBroadcastTracker$$inst_source,5,reg
ldut_subsystem_l2_wrapper_broadcast_1_TLBroadcastTracker_1$$inst_address,32,reg
ldut_subsystem_l2_wrapper_broadcast_1_TLBroadcastTracker_1$$inst_count,1,reg
ldut_subsystem_l2_wrapper_broadcast_1_TLBroadcastTracker_1$$inst_got_e,1,reg
ldut_subsystem_l2_wrapper_broadcast_1_TLBroadcastTracker_1$$inst_o_data_maybe_full,1,reg
ldut_subsystem_l2_wrapper_broadcast_1_TLBroadcastTracker_1$$inst_o_data_value,3,reg
ldut_subsystem_l2_wrapper_broadcast_1_TLBroadcastTracker_1$$inst_o_data_value_1,3,reg
ldut_subsystem_l2_wrapper_broadcast_1_TLBroadcastTracker_1$$inst_opcode,3,reg
ldut_subsystem_l2_wrapper_broadcast_1_TLBroadcastTracker_1$$inst_sent_d,1,reg
ldut_subsystem_l2_wrapper_broadcast_1_TLBroadcastTracker_1$$inst_shared,1,reg
ldut_subsystem_l2_wrapper_broadcast_1_TLBroadcastTracker_1$$inst_size,3,reg
ldut_subsystem_l2_wrapper_broadcast_1_TLBroadcastTracker_1$$inst_source,5,reg
ldut_subsystem_l2_wrapper_broadcast_1_TLBroadcastTracker_2$$inst_address,32,reg
ldut_subsystem_l2_wrapper_broadcast_1_TLBroadcastTracker_2$$inst_count,1,reg
ldut_subsystem_l2_wrapper_broadcast_1_TLBroadcastTracker_2$$inst_got_e,1,reg
ldut_subsystem_l2_wrapper_broadcast_1_TLBroadcastTracker_2$$inst_o_data_maybe_full,1,reg
ldut_subsystem_l2_wrapper_broadcast_1_TLBroadcastTracker_2$$inst_o_data_value,3,reg
ldut_subsystem_l2_wrapper_broadcast_1_TLBroadcastTracker_2$$inst_o_data_value_1,3,reg
ldut_subsystem_l2_wrapper_broadcast_1_TLBroadcastTracker_2$$inst_opcode,3,reg
ldut_subsystem_l2_wrapper_broadcast_1_TLBroadcastTracker_2$$inst_sent_d,1,reg
ldut_subsystem_l2_wrapper_broadcast_1_TLBroadcastTracker_2$$inst_shared,1,reg
ldut_subsystem_l2_wrapper_broadcast_1_TLBroadcastTracker_2$$inst_size,3,reg
ldut_subsystem_l2_wrapper_broadcast_1_TLBroadcastTracker_2$$inst_source,5,reg
ldut_subsystem_l2_wrapper_broadcast_1_TLBroadcastTracker_3$$inst_address,32,reg
ldut_subsystem_l2_wrapper_broadcast_1_TLBroadcastTracker_3$$inst_count,1,reg
ldut_subsystem_l2_wrapper_broadcast_1_TLBroadcastTracker_3$$inst_got_e,1,reg
ldut_subsystem_l2_wrapper_broadcast_1_TLBroadcastTracker_3$$inst_o_data_maybe_full,1,reg
ldut_subsystem_l2_wrapper_broadcast_1_TLBroadcastTracker_3$$inst_o_data_value,3,reg
ldut_subsystem_l2_wrapper_broadcast_1_TLBroadcastTracker_3$$inst_o_data_value_1,3,reg
ldut_subsystem_l2_wrapper_broadcast_1_TLBroadcastTracker_3$$inst_opcode,3,reg
ldut_subsystem_l2_wrapper_broadcast_1_TLBroadcastTracker_3$$inst_sent_d,1,reg
ldut_subsystem_l2_wrapper_broadcast_1_TLBroadcastTracker_3$$inst_shared,1,reg
ldut_subsystem_l2_wrapper_broadcast_1_TLBroadcastTracker_3$$inst_size,3,reg
ldut_subsystem_l2_wrapper_broadcast_1_TLBroadcastTracker_3$$inst_source,5,reg
ldut_subsystem_l2_wrapper_broadcast_1_beatsLeft,3,reg
ldut_subsystem_l2_wrapper_broadcast_1_beatsLeft_1,3,reg
ldut_subsystem_l2_wrapper_broadcast_1_counter_2,3,reg
ldut_subsystem_l2_wrapper_broadcast_1_state_1_0,1,reg
ldut_subsystem_l2_wrapper_broadcast_1_state_1_1,1,reg
ldut_subsystem_l2_wrapper_broadcast_1_state_1_2,1,reg
ldut_subsystem_l2_wrapper_broadcast_1_state_1_3,1,reg
ldut_subsystem_l2_wrapper_broadcast_1_state_1_4,1,reg
ldut_subsystem_l2_wrapper_broadcast_1_state__0,1,reg
ldut_subsystem_l2_wrapper_broadcast_1_state__1,1,reg
ldut_subsystem_mbus_coupler_to_memory_controller_port_named_axi4_axi4yank_QueueCompatibility$$inst_deq_ptr_value,3,reg
ldut_subsystem_mbus_coupler_to_memory_controller_port_named_axi4_axi4yank_QueueCompatibility$$inst_enq_ptr_value,3,reg
ldut_subsystem_mbus_coupler_to_memory_controller_port_named_axi4_axi4yank_QueueCompatibility$$inst_maybe_full,1,reg
ldut_subsystem_mbus_coupler_to_memory_controller_port_named_axi4_axi4yank_QueueCompatibility_1$$inst_deq_ptr_value,3,reg
ldut_subsystem_mbus_coupler_to_memory_controller_port_named_axi4_axi4yank_QueueCompatibility_1$$inst_enq_ptr_value,3,reg
ldut_subsystem_mbus_coupler_to_memory_controller_port_named_axi4_axi4yank_QueueCompatibility_1$$inst_maybe_full,1,reg
ldut_subsystem_mbus_coupler_to_memory_controller_port_named_axi4_axi4yank_QueueCompatibility_10$$inst_deq_ptr_value,3,reg
ldut_subsystem_mbus_coupler_to_memory_controller_port_named_axi4_axi4yank_QueueCompatibility_10$$inst_enq_ptr_value,3,reg
ldut_subsystem_mbus_coupler_to_memory_controller_port_named_axi4_axi4yank_QueueCompatibility_10$$inst_maybe_full,1,reg
ldut_subsystem_mbus_coupler_to_memory_controller_port_named_axi4_axi4yank_QueueCompatibility_11_deq_ptr_value,3,reg
ldut_subsystem_mbus_coupler_to_memory_controller_port_named_axi4_axi4yank_QueueCompatibility_11_enq_ptr_value,3,reg
ldut_subsystem_mbus_coupler_to_memory_controller_port_named_axi4_axi4yank_QueueCompatibility_11_maybe_full,1,reg
ldut_subsystem_mbus_coupler_to_memory_controller_port_named_axi4_axi4yank_QueueCompatibility_12_deq_ptr_value,3,reg
ldut_subsystem_mbus_coupler_to_memory_controller_port_named_axi4_axi4yank_QueueCompatibility_12_enq_ptr_value,3,reg
ldut_subsystem_mbus_coupler_to_memory_controller_port_named_axi4_axi4yank_QueueCompatibility_12_maybe_full,1,reg
ldut_subsystem_mbus_coupler_to_memory_controller_port_named_axi4_axi4yank_QueueCompatibility_13_deq_ptr_value,3,reg
ldut_subsystem_mbus_coupler_to_memory_controller_port_named_axi4_axi4yank_QueueCompatibility_13_enq_ptr_value,3,reg
ldut_subsystem_mbus_coupler_to_memory_controller_port_named_axi4_axi4yank_QueueCompatibility_13_maybe_full,1,reg
ldut_subsystem_mbus_coupler_to_memory_controller_port_named_axi4_axi4yank_QueueCompatibility_14$$inst_deq_ptr_value,3,reg
ldut_subsystem_mbus_coupler_to_memory_controller_port_named_axi4_axi4yank_QueueCompatibility_14$$inst_enq_ptr_value,3,reg
ldut_subsystem_mbus_coupler_to_memory_controller_port_named_axi4_axi4yank_QueueCompatibility_14$$inst_maybe_full,1,reg
ldut_subsystem_mbus_coupler_to_memory_controller_port_named_axi4_axi4yank_QueueCompatibility_15_deq_ptr_value,3,reg
ldut_subsystem_mbus_coupler_to_memory_controller_port_named_axi4_axi4yank_QueueCompatibility_15_enq_ptr_value,3,reg
ldut_subsystem_mbus_coupler_to_memory_controller_port_named_axi4_axi4yank_QueueCompatibility_15_maybe_full,1,reg
ldut_subsystem_mbus_coupler_to_memory_controller_port_named_axi4_axi4yank_QueueCompatibility_16_deq_ptr_value,3,reg
ldut_subsystem_mbus_coupler_to_memory_controller_port_named_axi4_axi4yank_QueueCompatibility_16_enq_ptr_value,3,reg
ldut_subsystem_mbus_coupler_to_memory_controller_port_named_axi4_axi4yank_QueueCompatibility_16_maybe_full,1,reg
ldut_subsystem_mbus_coupler_to_memory_controller_port_named_axi4_axi4yank_QueueCompatibility_17_deq_ptr_value,3,reg
ldut_subsystem_mbus_coupler_to_memory_controller_port_named_axi4_axi4yank_QueueCompatibility_17_enq_ptr_value,3,reg
ldut_subsystem_mbus_coupler_to_memory_controller_port_named_axi4_axi4yank_QueueCompatibility_17_maybe_full,1,reg
ldut_subsystem_mbus_coupler_to_memory_controller_port_named_axi4_axi4yank_QueueCompatibility_18_deq_ptr_value,3,reg
ldut_subsystem_mbus_coupler_to_memory_controller_port_named_axi4_axi4yank_QueueCompatibility_18_enq_ptr_value,3,reg
ldut_subsystem_mbus_coupler_to_memory_controller_port_named_axi4_axi4yank_QueueCompatibility_18_maybe_full,1,reg
ldut_subsystem_mbus_coupler_to_memory_controller_port_named_axi4_axi4yank_QueueCompatibility_19_deq_ptr_value,3,reg
ldut_subsystem_mbus_coupler_to_memory_controller_port_named_axi4_axi4yank_QueueCompatibility_19_enq_ptr_value,3,reg
ldut_subsystem_mbus_coupler_to_memory_controller_port_named_axi4_axi4yank_QueueCompatibility_19_maybe_full,1,reg
ldut_subsystem_mbus_coupler_to_memory_controller_port_named_axi4_axi4yank_QueueCompatibility_2_deq_ptr_value,3,reg
ldut_subsystem_mbus_coupler_to_memory_controller_port_named_axi4_axi4yank_QueueCompatibility_2_enq_ptr_value,3,reg
ldut_subsystem_mbus_coupler_to_memory_controller_port_named_axi4_axi4yank_QueueCompatibility_2_maybe_full,1,reg
ldut_subsystem_mbus_coupler_to_memory_controller_port_named_axi4_axi4yank_QueueCompatibility_20_deq_ptr_value,3,reg
ldut_subsystem_mbus_coupler_to_memory_controller_port_named_axi4_axi4yank_QueueCompatibility_20_enq_ptr_value,3,reg
ldut_subsystem_mbus_coupler_to_memory_controller_port_named_axi4_axi4yank_QueueCompatibility_20_maybe_full,1,reg
ldut_subsystem_mbus_coupler_to_memory_controller_port_named_axi4_axi4yank_QueueCompatibility_21_deq_ptr_value,3,reg
ldut_subsystem_mbus_coupler_to_memory_controller_port_named_axi4_axi4yank_QueueCompatibility_21_enq_ptr_value,3,reg
ldut_subsystem_mbus_coupler_to_memory_controller_port_named_axi4_axi4yank_QueueCompatibility_21_maybe_full,1,reg
ldut_subsystem_mbus_coupler_to_memory_controller_port_named_axi4_axi4yank_QueueCompatibility_22_deq_ptr_value,3,reg
ldut_subsystem_mbus_coupler_to_memory_controller_port_named_axi4_axi4yank_QueueCompatibility_22_enq_ptr_value,3,reg
ldut_subsystem_mbus_coupler_to_memory_controller_port_named_axi4_axi4yank_QueueCompatibility_22_maybe_full,1,reg
ldut_subsystem_mbus_coupler_to_memory_controller_port_named_axi4_axi4yank_QueueCompatibility_23_deq_ptr_value,3,reg
ldut_subsystem_mbus_coupler_to_memory_controller_port_named_axi4_axi4yank_QueueCompatibility_23_enq_ptr_value,3,reg
ldut_subsystem_mbus_coupler_to_memory_controller_port_named_axi4_axi4yank_QueueCompatibility_23_maybe_full,1,reg
ldut_subsystem_mbus_coupler_to_memory_controller_port_named_axi4_axi4yank_QueueCompatibility_24_deq_ptr_value,3,reg
ldut_subsystem_mbus_coupler_to_memory_controller_port_named_axi4_axi4yank_QueueCompatibility_24_enq_ptr_value,3,reg
ldut_subsystem_mbus_coupler_to_memory_controller_port_named_axi4_axi4yank_QueueCompatibility_24_maybe_full,1,reg
ldut_subsystem_mbus_coupler_to_memory_controller_port_named_axi4_axi4yank_QueueCompatibility_25_deq_ptr_value,3,reg
ldut_subsystem_mbus_coupler_to_memory_controller_port_named_axi4_axi4yank_QueueCompatibility_25_enq_ptr_value,3,reg
ldut_subsystem_mbus_coupler_to_memory_controller_port_named_axi4_axi4yank_QueueCompatibility_25_maybe_full,1,reg
ldut_subsystem_mbus_coupler_to_memory_controller_port_named_axi4_axi4yank_QueueCompatibility_26_deq_ptr_value,3,reg
ldut_subsystem_mbus_coupler_to_memory_controller_port_named_axi4_axi4yank_QueueCompatibility_26_enq_ptr_value,3,reg
ldut_subsystem_mbus_coupler_to_memory_controller_port_named_axi4_axi4yank_QueueCompatibility_26_maybe_full,1,reg
ldut_subsystem_mbus_coupler_to_memory_controller_port_named_axi4_axi4yank_QueueCompatibility_27_deq_ptr_value,3,reg
ldut_subsystem_mbus_coupler_to_memory_controller_port_named_axi4_axi4yank_QueueCompatibility_27_enq_ptr_value,3,reg
ldut_subsystem_mbus_coupler_to_memory_controller_port_named_axi4_axi4yank_QueueCompatibility_27_maybe_full,1,reg
ldut_subsystem_mbus_coupler_to_memory_controller_port_named_axi4_axi4yank_QueueCompatibility_28_deq_ptr_value,3,reg
ldut_subsystem_mbus_coupler_to_memory_controller_port_named_axi4_axi4yank_QueueCompatibility_28_enq_ptr_value,3,reg
ldut_subsystem_mbus_coupler_to_memory_controller_port_named_axi4_axi4yank_QueueCompatibility_28_maybe_full,1,reg
ldut_subsystem_mbus_coupler_to_memory_controller_port_named_axi4_axi4yank_QueueCompatibility_29_deq_ptr_value,3,reg
ldut_subsystem_mbus_coupler_to_memory_controller_port_named_axi4_axi4yank_QueueCompatibility_29_enq_ptr_value,3,reg
ldut_subsystem_mbus_coupler_to_memory_controller_port_named_axi4_axi4yank_QueueCompatibility_29_maybe_full,1,reg
ldut_subsystem_mbus_coupler_to_memory_controller_port_named_axi4_axi4yank_QueueCompatibility_3_deq_ptr_value,3,reg
ldut_subsystem_mbus_coupler_to_memory_controller_port_named_axi4_axi4yank_QueueCompatibility_3_enq_ptr_value,3,reg
ldut_subsystem_mbus_coupler_to_memory_controller_port_named_axi4_axi4yank_QueueCompatibility_3_maybe_full,1,reg
ldut_subsystem_mbus_coupler_to_memory_controller_port_named_axi4_axi4yank_QueueCompatibility_30_deq_ptr_value,3,reg
ldut_subsystem_mbus_coupler_to_memory_controller_port_named_axi4_axi4yank_QueueCompatibility_30_enq_ptr_value,3,reg
ldut_subsystem_mbus_coupler_to_memory_controller_port_named_axi4_axi4yank_QueueCompatibility_30_maybe_full,1,reg
ldut_subsystem_mbus_coupler_to_memory_controller_port_named_axi4_axi4yank_QueueCompatibility_31_deq_ptr_value,3,reg
ldut_subsystem_mbus_coupler_to_memory_controller_port_named_axi4_axi4yank_QueueCompatibility_31_enq_ptr_value,3,reg
ldut_subsystem_mbus_coupler_to_memory_controller_port_named_axi4_axi4yank_QueueCompatibility_31_maybe_full,1,reg
ldut_subsystem_mbus_coupler_to_memory_controller_port_named_axi4_axi4yank_QueueCompatibility_4_deq_ptr_value,3,reg
ldut_subsystem_mbus_coupler_to_memory_controller_port_named_axi4_axi4yank_QueueCompatibility_4_enq_ptr_value,3,reg
ldut_subsystem_mbus_coupler_to_memory_controller_port_named_axi4_axi4yank_QueueCompatibility_4_maybe_full,1,reg
ldut_subsystem_mbus_coupler_to_memory_controller_port_named_axi4_axi4yank_QueueCompatibility_5_deq_ptr_value,3,reg
ldut_subsystem_mbus_coupler_to_memory_controller_port_named_axi4_axi4yank_QueueCompatibility_5_enq_ptr_value,3,reg
ldut_subsystem_mbus_coupler_to_memory_controller_port_named_axi4_axi4yank_QueueCompatibility_5_maybe_full,1,reg
ldut_subsystem_mbus_coupler_to_memory_controller_port_named_axi4_axi4yank_QueueCompatibility_6_deq_ptr_value,3,reg
ldut_subsystem_mbus_coupler_to_memory_controller_port_named_axi4_axi4yank_QueueCompatibility_6_enq_ptr_value,3,reg
ldut_subsystem_mbus_coupler_to_memory_controller_port_named_axi4_axi4yank_QueueCompatibility_6_maybe_full,1,reg
ldut_subsystem_mbus_coupler_to_memory_controller_port_named_axi4_axi4yank_QueueCompatibility_7_deq_ptr_value,3,reg
ldut_subsystem_mbus_coupler_to_memory_controller_port_named_axi4_axi4yank_QueueCompatibility_7_enq_ptr_value,3,reg
ldut_subsystem_mbus_coupler_to_memory_controller_port_named_axi4_axi4yank_QueueCompatibility_7_maybe_full,1,reg
ldut_subsystem_mbus_coupler_to_memory_controller_port_named_axi4_axi4yank_QueueCompatibility_8_deq_ptr_value,3,reg
ldut_subsystem_mbus_coupler_to_memory_controller_port_named_axi4_axi4yank_QueueCompatibility_8_enq_ptr_value,3,reg
ldut_subsystem_mbus_coupler_to_memory_controller_port_named_axi4_axi4yank_QueueCompatibility_8_maybe_full,1,reg
ldut_subsystem_mbus_coupler_to_memory_controller_port_named_axi4_axi4yank_QueueCompatibility_9_deq_ptr_value,3,reg
ldut_subsystem_mbus_coupler_to_memory_controller_port_named_axi4_axi4yank_QueueCompatibility_9_enq_ptr_value,3,reg
ldut_subsystem_mbus_coupler_to_memory_controller_port_named_axi4_axi4yank_QueueCompatibility_9_maybe_full,1,reg
ldut_subsystem_mbus_coupler_to_memory_controller_port_named_axi4_tl2axi4_b_delay,3,reg
ldut_subsystem_mbus_coupler_to_memory_controller_port_named_axi4_tl2axi4_count_1,1,reg
ldut_subsystem_mbus_coupler_to_memory_controller_port_named_axi4_tl2axi4_count_10,1,reg
ldut_subsystem_mbus_coupler_to_memory_controller_port_named_axi4_tl2axi4_count_100,1,reg
ldut_subsystem_mbus_coupler_to_memory_controller_port_named_axi4_tl2axi4_count_101,1,reg
ldut_subsystem_mbus_coupler_to_memory_controller_port_named_axi4_tl2axi4_count_102,1,reg
ldut_subsystem_mbus_coupler_to_memory_controller_port_named_axi4_tl2axi4_count_103,1,reg
ldut_subsystem_mbus_coupler_to_memory_controller_port_named_axi4_tl2axi4_count_104,1,reg
ldut_subsystem_mbus_coupler_to_memory_controller_port_named_axi4_tl2axi4_count_105,1,reg
ldut_subsystem_mbus_coupler_to_memory_controller_port_named_axi4_tl2axi4_count_106,1,reg
ldut_subsystem_mbus_coupler_to_memory_controller_port_named_axi4_tl2axi4_count_107,1,reg
ldut_subsystem_mbus_coupler_to_memory_controller_port_named_axi4_tl2axi4_count_108,1,reg
ldut_subsystem_mbus_coupler_to_memory_controller_port_named_axi4_tl2axi4_count_109,1,reg
ldut_subsystem_mbus_coupler_to_memory_controller_port_named_axi4_tl2axi4_count_11,1,reg
ldut_subsystem_mbus_coupler_to_memory_controller_port_named_axi4_tl2axi4_count_110,1,reg
ldut_subsystem_mbus_coupler_to_memory_controller_port_named_axi4_tl2axi4_count_111,1,reg
ldut_subsystem_mbus_coupler_to_memory_controller_port_named_axi4_tl2axi4_count_112,1,reg
ldut_subsystem_mbus_coupler_to_memory_controller_port_named_axi4_tl2axi4_count_113,1,reg
ldut_subsystem_mbus_coupler_to_memory_controller_port_named_axi4_tl2axi4_count_114,1,reg
ldut_subsystem_mbus_coupler_to_memory_controller_port_named_axi4_tl2axi4_count_115,1,reg
ldut_subsystem_mbus_coupler_to_memory_controller_port_named_axi4_tl2axi4_count_116,1,reg
ldut_subsystem_mbus_coupler_to_memory_controller_port_named_axi4_tl2axi4_count_117,1,reg
ldut_subsystem_mbus_coupler_to_memory_controller_port_named_axi4_tl2axi4_count_118,1,reg
ldut_subsystem_mbus_coupler_to_memory_controller_port_named_axi4_tl2axi4_count_119,1,reg
ldut_subsystem_mbus_coupler_to_memory_controller_port_named_axi4_tl2axi4_count_12,1,reg
ldut_subsystem_mbus_coupler_to_memory_controller_port_named_axi4_tl2axi4_count_120,1,reg
ldut_subsystem_mbus_coupler_to_memory_controller_port_named_axi4_tl2axi4_count_121,1,reg
ldut_subsystem_mbus_coupler_to_memory_controller_port_named_axi4_tl2axi4_count_122,1,reg
ldut_subsystem_mbus_coupler_to_memory_controller_port_named_axi4_tl2axi4_count_123,1,reg
ldut_subsystem_mbus_coupler_to_memory_controller_port_named_axi4_tl2axi4_count_124,1,reg
ldut_subsystem_mbus_coupler_to_memory_controller_port_named_axi4_tl2axi4_count_125,1,reg
ldut_subsystem_mbus_coupler_to_memory_controller_port_named_axi4_tl2axi4_count_126,1,reg
ldut_subsystem_mbus_coupler_to_memory_controller_port_named_axi4_tl2axi4_count_127,1,reg
ldut_subsystem_mbus_coupler_to_memory_controller_port_named_axi4_tl2axi4_count_128,1,reg
ldut_subsystem_mbus_coupler_to_memory_controller_port_named_axi4_tl2axi4_count_13,1,reg
ldut_subsystem_mbus_coupler_to_memory_controller_port_named_axi4_tl2axi4_count_14,1,reg
ldut_subsystem_mbus_coupler_to_memory_controller_port_named_axi4_tl2axi4_count_15,1,reg
ldut_subsystem_mbus_coupler_to_memory_controller_port_named_axi4_tl2axi4_count_16,1,reg
ldut_subsystem_mbus_coupler_to_memory_controller_port_named_axi4_tl2axi4_count_17,1,reg
ldut_subsystem_mbus_coupler_to_memory_controller_port_named_axi4_tl2axi4_count_18,1,reg
ldut_subsystem_mbus_coupler_to_memory_controller_port_named_axi4_tl2axi4_count_19,1,reg
ldut_subsystem_mbus_coupler_to_memory_controller_port_named_axi4_tl2axi4_count_2,1,reg
ldut_subsystem_mbus_coupler_to_memory_controller_port_named_axi4_tl2axi4_count_20,1,reg
ldut_subsystem_mbus_coupler_to_memory_controller_port_named_axi4_tl2axi4_count_21,1,reg
ldut_subsystem_mbus_coupler_to_memory_controller_port_named_axi4_tl2axi4_count_22,1,reg
ldut_subsystem_mbus_coupler_to_memory_controller_port_named_axi4_tl2axi4_count_23,1,reg
ldut_subsystem_mbus_coupler_to_memory_controller_port_named_axi4_tl2axi4_count_24,1,reg
ldut_subsystem_mbus_coupler_to_memory_controller_port_named_axi4_tl2axi4_count_25,1,reg
ldut_subsystem_mbus_coupler_to_memory_controller_port_named_axi4_tl2axi4_count_26,1,reg
ldut_subsystem_mbus_coupler_to_memory_controller_port_named_axi4_tl2axi4_count_27,1,reg
ldut_subsystem_mbus_coupler_to_memory_controller_port_named_axi4_tl2axi4_count_28,1,reg
ldut_subsystem_mbus_coupler_to_memory_controller_port_named_axi4_tl2axi4_count_29,1,reg
ldut_subsystem_mbus_coupler_to_memory_controller_port_named_axi4_tl2axi4_count_3,1,reg
ldut_subsystem_mbus_coupler_to_memory_controller_port_named_axi4_tl2axi4_count_30,1,reg
ldut_subsystem_mbus_coupler_to_memory_controller_port_named_axi4_tl2axi4_count_31,1,reg
ldut_subsystem_mbus_coupler_to_memory_controller_port_named_axi4_tl2axi4_count_32,1,reg
ldut_subsystem_mbus_coupler_to_memory_controller_port_named_axi4_tl2axi4_count_33,1,reg
ldut_subsystem_mbus_coupler_to_memory_controller_port_named_axi4_tl2axi4_count_34,1,reg
ldut_subsystem_mbus_coupler_to_memory_controller_port_named_axi4_tl2axi4_count_35,1,reg
ldut_subsystem_mbus_coupler_to_memory_controller_port_named_axi4_tl2axi4_count_36,1,reg
ldut_subsystem_mbus_coupler_to_memory_controller_port_named_axi4_tl2axi4_count_37,1,reg
ldut_subsystem_mbus_coupler_to_memory_controller_port_named_axi4_tl2axi4_count_38,1,reg
ldut_subsystem_mbus_coupler_to_memory_controller_port_named_axi4_tl2axi4_count_39,1,reg
ldut_subsystem_mbus_coupler_to_memory_controller_port_named_axi4_tl2axi4_count_4,1,reg
ldut_subsystem_mbus_coupler_to_memory_controller_port_named_axi4_tl2axi4_count_40,1,reg
ldut_subsystem_mbus_coupler_to_memory_controller_port_named_axi4_tl2axi4_count_41,1,reg
ldut_subsystem_mbus_coupler_to_memory_controller_port_named_axi4_tl2axi4_count_42,1,reg
ldut_subsystem_mbus_coupler_to_memory_controller_port_named_axi4_tl2axi4_count_43,1,reg
ldut_subsystem_mbus_coupler_to_memory_controller_port_named_axi4_tl2axi4_count_44,1,reg
ldut_subsystem_mbus_coupler_to_memory_controller_port_named_axi4_tl2axi4_count_45,1,reg
ldut_subsystem_mbus_coupler_to_memory_controller_port_named_axi4_tl2axi4_count_46,1,reg
ldut_subsystem_mbus_coupler_to_memory_controller_port_named_axi4_tl2axi4_count_47,1,reg
ldut_subsystem_mbus_coupler_to_memory_controller_port_named_axi4_tl2axi4_count_48,1,reg
ldut_subsystem_mbus_coupler_to_memory_controller_port_named_axi4_tl2axi4_count_49,1,reg
ldut_subsystem_mbus_coupler_to_memory_controller_port_named_axi4_tl2axi4_count_5,1,reg
ldut_subsystem_mbus_coupler_to_memory_controller_port_named_axi4_tl2axi4_count_50,1,reg
ldut_subsystem_mbus_coupler_to_memory_controller_port_named_axi4_tl2axi4_count_51,1,reg
ldut_subsystem_mbus_coupler_to_memory_controller_port_named_axi4_tl2axi4_count_52,1,reg
ldut_subsystem_mbus_coupler_to_memory_controller_port_named_axi4_tl2axi4_count_53,1,reg
ldut_subsystem_mbus_coupler_to_memory_controller_port_named_axi4_tl2axi4_count_54,1,reg
ldut_subsystem_mbus_coupler_to_memory_controller_port_named_axi4_tl2axi4_count_55,1,reg
ldut_subsystem_mbus_coupler_to_memory_controller_port_named_axi4_tl2axi4_count_56,1,reg
ldut_subsystem_mbus_coupler_to_memory_controller_port_named_axi4_tl2axi4_count_57,1,reg
ldut_subsystem_mbus_coupler_to_memory_controller_port_named_axi4_tl2axi4_count_58,1,reg
ldut_subsystem_mbus_coupler_to_memory_controller_port_named_axi4_tl2axi4_count_59,1,reg
ldut_subsystem_mbus_coupler_to_memory_controller_port_named_axi4_tl2axi4_count_6,1,reg
ldut_subsystem_mbus_coupler_to_memory_controller_port_named_axi4_tl2axi4_count_60,1,reg
ldut_subsystem_mbus_coupler_to_memory_controller_port_named_axi4_tl2axi4_count_61,1,reg
ldut_subsystem_mbus_coupler_to_memory_controller_port_named_axi4_tl2axi4_count_62,1,reg
ldut_subsystem_mbus_coupler_to_memory_controller_port_named_axi4_tl2axi4_count_63,1,reg
ldut_subsystem_mbus_coupler_to_memory_controller_port_named_axi4_tl2axi4_count_64,1,reg
ldut_subsystem_mbus_coupler_to_memory_controller_port_named_axi4_tl2axi4_count_65,1,reg
ldut_subsystem_mbus_coupler_to_memory_controller_port_named_axi4_tl2axi4_count_66,1,reg
ldut_subsystem_mbus_coupler_to_memory_controller_port_named_axi4_tl2axi4_count_67,1,reg
ldut_subsystem_mbus_coupler_to_memory_controller_port_named_axi4_tl2axi4_count_68,1,reg
ldut_subsystem_mbus_coupler_to_memory_controller_port_named_axi4_tl2axi4_count_69,1,reg
ldut_subsystem_mbus_coupler_to_memory_controller_port_named_axi4_tl2axi4_count_7,1,reg
ldut_subsystem_mbus_coupler_to_memory_controller_port_named_axi4_tl2axi4_count_70,1,reg
ldut_subsystem_mbus_coupler_to_memory_controller_port_named_axi4_tl2axi4_count_71,1,reg
ldut_subsystem_mbus_coupler_to_memory_controller_port_named_axi4_tl2axi4_count_72,1,reg
ldut_subsystem_mbus_coupler_to_memory_controller_port_named_axi4_tl2axi4_count_73,1,reg
ldut_subsystem_mbus_coupler_to_memory_controller_port_named_axi4_tl2axi4_count_74,1,reg
ldut_subsystem_mbus_coupler_to_memory_controller_port_named_axi4_tl2axi4_count_75,1,reg
ldut_subsystem_mbus_coupler_to_memory_controller_port_named_axi4_tl2axi4_count_76,1,reg
ldut_subsystem_mbus_coupler_to_memory_controller_port_named_axi4_tl2axi4_count_77,1,reg
ldut_subsystem_mbus_coupler_to_memory_controller_port_named_axi4_tl2axi4_count_78,1,reg
ldut_subsystem_mbus_coupler_to_memory_controller_port_named_axi4_tl2axi4_count_79,1,reg
ldut_subsystem_mbus_coupler_to_memory_controller_port_named_axi4_tl2axi4_count_8,1,reg
ldut_subsystem_mbus_coupler_to_memory_controller_port_named_axi4_tl2axi4_count_80,1,reg
ldut_subsystem_mbus_coupler_to_memory_controller_port_named_axi4_tl2axi4_count_81,1,reg
ldut_subsystem_mbus_coupler_to_memory_controller_port_named_axi4_tl2axi4_count_82,1,reg
ldut_subsystem_mbus_coupler_to_memory_controller_port_named_axi4_tl2axi4_count_83,1,reg
ldut_subsystem_mbus_coupler_to_memory_controller_port_named_axi4_tl2axi4_count_84,1,reg
ldut_subsystem_mbus_coupler_to_memory_controller_port_named_axi4_tl2axi4_count_85,1,reg
ldut_subsystem_mbus_coupler_to_memory_controller_port_named_axi4_tl2axi4_count_86,1,reg
ldut_subsystem_mbus_coupler_to_memory_controller_port_named_axi4_tl2axi4_count_87,1,reg
ldut_subsystem_mbus_coupler_to_memory_controller_port_named_axi4_tl2axi4_count_88,1,reg
ldut_subsystem_mbus_coupler_to_memory_controller_port_named_axi4_tl2axi4_count_89,1,reg
ldut_subsystem_mbus_coupler_to_memory_controller_port_named_axi4_tl2axi4_count_9,1,reg
ldut_subsystem_mbus_coupler_to_memory_controller_port_named_axi4_tl2axi4_count_90,1,reg
ldut_subsystem_mbus_coupler_to_memory_controller_port_named_axi4_tl2axi4_count_91,1,reg
ldut_subsystem_mbus_coupler_to_memory_controller_port_named_axi4_tl2axi4_count_92,1,reg
ldut_subsystem_mbus_coupler_to_memory_controller_port_named_axi4_tl2axi4_count_93,1,reg
ldut_subsystem_mbus_coupler_to_memory_controller_port_named_axi4_tl2axi4_count_94,1,reg
ldut_subsystem_mbus_coupler_to_memory_controller_port_named_axi4_tl2axi4_count_95,1,reg
ldut_subsystem_mbus_coupler_to_memory_controller_port_named_axi4_tl2axi4_count_96,1,reg
ldut_subsystem_mbus_coupler_to_memory_controller_port_named_axi4_tl2axi4_count_97,1,reg
ldut_subsystem_mbus_coupler_to_memory_controller_port_named_axi4_tl2axi4_count_98,1,reg
ldut_subsystem_mbus_coupler_to_memory_controller_port_named_axi4_tl2axi4_count_99,1,reg
ldut_subsystem_mbus_coupler_to_memory_controller_port_named_axi4_tl2axi4_counter,3,reg
ldut_subsystem_mbus_coupler_to_memory_controller_port_named_axi4_tl2axi4_deq_maybe_full,1,reg
ldut_subsystem_mbus_coupler_to_memory_controller_port_named_axi4_tl2axi4_doneAW,1,reg
ldut_subsystem_mbus_coupler_to_memory_controller_port_named_axi4_tl2axi4_queue_arw_deq_maybe_full,1,reg
ldut_subsystem_mbus_coupler_to_memory_controller_port_named_axi4_tl2axi4_queue_arw_deq_ram_echo_tl_state_size,4,reg
ldut_subsystem_mbus_coupler_to_memory_controller_port_named_axi4_tl2axi4_queue_arw_deq_ram_echo_tl_state_source,7,reg
ldut_subsystem_mbus_coupler_to_memory_controller_port_named_axi4_tl2axi4_queue_arw_deq_ram_id,7,reg
ldut_subsystem_mbus_coupler_to_memory_controller_port_named_axi4_tl2axi4_queue_arw_deq_ram_wen,1,reg
ldut_subsystem_mbus_coupler_to_memory_controller_port_named_axi4_tl2axi4_r_holds_d,1,reg
ldut_subsystem_sbus_coupler_to_port_named_mmio_port_axi4_axi4buf_bundleIn_0_b_deq_maybe_full,1,reg
ldut_subsystem_sbus_coupler_to_port_named_mmio_port_axi4_axi4buf_bundleIn_0_b_deq_value,1,reg
ldut_subsystem_sbus_coupler_to_port_named_mmio_port_axi4_axi4buf_bundleIn_0_b_deq_value_1,1,reg
ldut_subsystem_sbus_coupler_to_port_named_mmio_port_axi4_axi4buf_bundleIn_0_r_deq_maybe_full,1,reg
ldut_subsystem_sbus_coupler_to_port_named_mmio_port_axi4_axi4buf_bundleIn_0_r_deq_value,1,reg
ldut_subsystem_sbus_coupler_to_port_named_mmio_port_axi4_axi4buf_bundleIn_0_r_deq_value_1,1,reg
ldut_subsystem_sbus_coupler_to_port_named_mmio_port_axi4_axi4buf_bundleOut_0_ar_deq_maybe_full,1,reg
ldut_subsystem_sbus_coupler_to_port_named_mmio_port_axi4_axi4buf_bundleOut_0_ar_deq_value,1,reg
ldut_subsystem_sbus_coupler_to_port_named_mmio_port_axi4_axi4buf_bundleOut_0_ar_deq_value_1,1,reg
ldut_subsystem_sbus_coupler_to_port_named_mmio_port_axi4_axi4buf_bundleOut_0_aw_deq_maybe_full,1,reg
ldut_subsystem_sbus_coupler_to_port_named_mmio_port_axi4_axi4buf_bundleOut_0_aw_deq_value,1,reg
ldut_subsystem_sbus_coupler_to_port_named_mmio_port_axi4_axi4buf_bundleOut_0_aw_deq_value_1,1,reg
ldut_subsystem_sbus_coupler_to_port_named_mmio_port_axi4_axi4buf_bundleOut_0_w_deq_maybe_full,1,reg
ldut_subsystem_sbus_coupler_to_port_named_mmio_port_axi4_axi4buf_bundleOut_0_w_deq_value,1,reg
ldut_subsystem_sbus_coupler_to_port_named_mmio_port_axi4_axi4buf_bundleOut_0_w_deq_value_1,1,reg
ldut_subsystem_sbus_coupler_to_port_named_mmio_port_axi4_axi4deint_deq_id,4,reg
ldut_subsystem_sbus_coupler_to_port_named_mmio_port_axi4_axi4deint_locked,1,reg
ldut_subsystem_sbus_coupler_to_port_named_mmio_port_axi4_axi4deint_qs_queue_0_deq_ptr_value,3,reg
ldut_subsystem_sbus_coupler_to_port_named_mmio_port_axi4_axi4deint_qs_queue_0_enq_ptr_value,3,reg
ldut_subsystem_sbus_coupler_to_port_named_mmio_port_axi4_axi4deint_qs_queue_0_maybe_full,1,reg
ldut_subsystem_sbus_coupler_to_port_named_mmio_port_axi4_axi4deint_qs_queue_1_deq_ptr_value,3,reg
ldut_subsystem_sbus_coupler_to_port_named_mmio_port_axi4_axi4deint_qs_queue_1_enq_ptr_value,3,reg
ldut_subsystem_sbus_coupler_to_port_named_mmio_port_axi4_axi4deint_qs_queue_1_maybe_full,1,reg
ldut_subsystem_sbus_coupler_to_port_named_mmio_port_axi4_axi4deint_qs_queue_2_deq_ptr_value,3,reg
ldut_subsystem_sbus_coupler_to_port_named_mmio_port_axi4_axi4deint_qs_queue_2_enq_ptr_value,3,reg
ldut_subsystem_sbus_coupler_to_port_named_mmio_port_axi4_axi4deint_qs_queue_2_maybe_full,1,reg
ldut_subsystem_sbus_coupler_to_port_named_mmio_port_axi4_axi4deint_qs_queue_3_deq_ptr_value,3,reg
ldut_subsystem_sbus_coupler_to_port_named_mmio_port_axi4_axi4deint_qs_queue_3_enq_ptr_value,3,reg
ldut_subsystem_sbus_coupler_to_port_named_mmio_port_axi4_axi4deint_qs_queue_3_maybe_full,1,reg
ldut_subsystem_sbus_coupler_to_port_named_mmio_port_axi4_axi4deint_qs_queue_4_deq_ptr_value,3,reg
ldut_subsystem_sbus_coupler_to_port_named_mmio_port_axi4_axi4deint_qs_queue_4_enq_ptr_value,3,reg
ldut_subsystem_sbus_coupler_to_port_named_mmio_port_axi4_axi4deint_qs_queue_4_maybe_full,1,reg
ldut_subsystem_sbus_coupler_to_port_named_mmio_port_axi4_axi4yank_QueueCompatibility$$inst_maybe_full,1,reg
ldut_subsystem_sbus_coupler_to_port_named_mmio_port_axi4_axi4yank_QueueCompatibility$$inst_ram_tl_state_size,4,reg
ldut_subsystem_sbus_coupler_to_port_named_mmio_port_axi4_axi4yank_QueueCompatibility$$inst_ram_tl_state_source,5,reg
ldut_subsystem_sbus_coupler_to_port_named_mmio_port_axi4_axi4yank_QueueCompatibility_1$$inst_deq_ptr_value,3,reg
ldut_subsystem_sbus_coupler_to_port_named_mmio_port_axi4_axi4yank_QueueCompatibility_1$$inst_enq_ptr_value,3,reg
ldut_subsystem_sbus_coupler_to_port_named_mmio_port_axi4_axi4yank_QueueCompatibility_1$$inst_maybe_full,1,reg
ldut_subsystem_sbus_coupler_to_port_named_mmio_port_axi4_axi4yank_QueueCompatibility_2_deq_ptr_value,3,reg
ldut_subsystem_sbus_coupler_to_port_named_mmio_port_axi4_axi4yank_QueueCompatibility_2_enq_ptr_value,3,reg
ldut_subsystem_sbus_coupler_to_port_named_mmio_port_axi4_axi4yank_QueueCompatibility_2_maybe_full,1,reg
ldut_subsystem_sbus_coupler_to_port_named_mmio_port_axi4_axi4yank_QueueCompatibility_3_maybe_full,1,reg
ldut_subsystem_sbus_coupler_to_port_named_mmio_port_axi4_axi4yank_QueueCompatibility_3_ram_tl_state_size,4,reg
ldut_subsystem_sbus_coupler_to_port_named_mmio_port_axi4_axi4yank_QueueCompatibility_3_ram_tl_state_source,5,reg
ldut_subsystem_sbus_coupler_to_port_named_mmio_port_axi4_axi4yank_QueueCompatibility_4_maybe_full,1,reg
ldut_subsystem_sbus_coupler_to_port_named_mmio_port_axi4_axi4yank_QueueCompatibility_4_ram_tl_state_size,4,reg
ldut_subsystem_sbus_coupler_to_port_named_mmio_port_axi4_axi4yank_QueueCompatibility_4_ram_tl_state_source,5,reg
ldut_subsystem_sbus_coupler_to_port_named_mmio_port_axi4_axi4yank_QueueCompatibility_5_maybe_full,1,reg
ldut_subsystem_sbus_coupler_to_port_named_mmio_port_axi4_axi4yank_QueueCompatibility_5_ram_tl_state_size,4,reg
ldut_subsystem_sbus_coupler_to_port_named_mmio_port_axi4_axi4yank_QueueCompatibility_5_ram_tl_state_source,5,reg
ldut_subsystem_sbus_coupler_to_port_named_mmio_port_axi4_axi4yank_QueueCompatibility_6_deq_ptr_value,3,reg
ldut_subsystem_sbus_coupler_to_port_named_mmio_port_axi4_axi4yank_QueueCompatibility_6_enq_ptr_value,3,reg
ldut_subsystem_sbus_coupler_to_port_named_mmio_port_axi4_axi4yank_QueueCompatibility_6_maybe_full,1,reg
ldut_subsystem_sbus_coupler_to_port_named_mmio_port_axi4_axi4yank_QueueCompatibility_7_deq_ptr_value,3,reg
ldut_subsystem_sbus_coupler_to_port_named_mmio_port_axi4_axi4yank_QueueCompatibility_7_enq_ptr_value,3,reg
ldut_subsystem_sbus_coupler_to_port_named_mmio_port_axi4_axi4yank_QueueCompatibility_7_maybe_full,1,reg
ldut_subsystem_sbus_coupler_to_port_named_mmio_port_axi4_axi4yank_QueueCompatibility_8_maybe_full,1,reg
ldut_subsystem_sbus_coupler_to_port_named_mmio_port_axi4_axi4yank_QueueCompatibility_8_ram_tl_state_size,4,reg
ldut_subsystem_sbus_coupler_to_port_named_mmio_port_axi4_axi4yank_QueueCompatibility_8_ram_tl_state_source,5,reg
ldut_subsystem_sbus_coupler_to_port_named_mmio_port_axi4_axi4yank_QueueCompatibility_9_maybe_full,1,reg
ldut_subsystem_sbus_coupler_to_port_named_mmio_port_axi4_axi4yank_QueueCompatibility_9_ram_tl_state_size,4,reg
ldut_subsystem_sbus_coupler_to_port_named_mmio_port_axi4_axi4yank_QueueCompatibility_9_ram_tl_state_source,5,reg
ldut_subsystem_sbus_coupler_to_port_named_mmio_port_axi4_tl2axi4_b_delay,3,reg
ldut_subsystem_sbus_coupler_to_port_named_mmio_port_axi4_tl2axi4_count_1,1,reg
ldut_subsystem_sbus_coupler_to_port_named_mmio_port_axi4_tl2axi4_count_2,4,reg
ldut_subsystem_sbus_coupler_to_port_named_mmio_port_axi4_tl2axi4_count_3,4,reg
ldut_subsystem_sbus_coupler_to_port_named_mmio_port_axi4_tl2axi4_count_4,1,reg
ldut_subsystem_sbus_coupler_to_port_named_mmio_port_axi4_tl2axi4_count_5,1,reg
ldut_subsystem_sbus_coupler_to_port_named_mmio_port_axi4_tl2axi4_counter,5,reg
ldut_subsystem_sbus_coupler_to_port_named_mmio_port_axi4_tl2axi4_deq_maybe_full,1,reg
ldut_subsystem_sbus_coupler_to_port_named_mmio_port_axi4_tl2axi4_doneAW,1,reg
ldut_subsystem_sbus_coupler_to_port_named_mmio_port_axi4_tl2axi4_queue_arw_deq_maybe_full,1,reg
ldut_subsystem_sbus_coupler_to_port_named_mmio_port_axi4_tl2axi4_queue_arw_deq_ram_echo_tl_state_size,4,reg
ldut_subsystem_sbus_coupler_to_port_named_mmio_port_axi4_tl2axi4_queue_arw_deq_ram_echo_tl_state_source,5,reg
ldut_subsystem_sbus_coupler_to_port_named_mmio_port_axi4_tl2axi4_queue_arw_deq_ram_id,3,reg
ldut_subsystem_sbus_coupler_to_port_named_mmio_port_axi4_tl2axi4_queue_arw_deq_ram_wen,1,reg
ldut_subsystem_sbus_coupler_to_port_named_mmio_port_axi4_tl2axi4_r_holds_d,1,reg
ldut_subsystem_sbus_coupler_to_port_named_mmio_port_axi4_tl2axi4_write_1,1,reg
ldut_subsystem_sbus_coupler_to_port_named_mmio_port_axi4_tl2axi4_write_2,1,reg
ldut_subsystem_sbus_fixer_a_first_counter,9,reg
ldut_subsystem_sbus_fixer_flight__0,1,reg
ldut_subsystem_sbus_fixer_flight__1,1,reg
ldut_subsystem_sbus_fixer_flight__10,1,reg
ldut_subsystem_sbus_fixer_flight__11,1,reg
ldut_subsystem_sbus_fixer_flight__12,1,reg
ldut_subsystem_sbus_fixer_flight__13,1,reg
ldut_subsystem_sbus_fixer_flight__14,1,reg
ldut_subsystem_sbus_fixer_flight__15,1,reg
ldut_subsystem_sbus_fixer_flight__2,1,reg
ldut_subsystem_sbus_fixer_flight__3,1,reg
ldut_subsystem_sbus_fixer_flight__4,1,reg
ldut_subsystem_sbus_fixer_flight__5,1,reg
ldut_subsystem_sbus_fixer_flight__6,1,reg
ldut_subsystem_sbus_fixer_flight__7,1,reg
ldut_subsystem_sbus_fixer_flight__8,1,reg
ldut_subsystem_sbus_fixer_flight__9,1,reg
ldut_subsystem_sbus_fixer_stalls_id,2,reg
ldut_subsystem_sbus_fixer_stalls_id_1,2,reg
ldut_subsystem_sbus_system_bus_xbar_beatsLeft,9,reg
ldut_subsystem_sbus_system_bus_xbar_beatsLeft_1,9,reg
ldut_subsystem_sbus_system_bus_xbar_beatsLeft_2,9,reg
ldut_subsystem_sbus_system_bus_xbar_beatsLeft_3,9,reg
ldut_subsystem_sbus_system_bus_xbar_beatsLeft_4,9,reg
ldut_subsystem_sbus_system_bus_xbar_readys_mask,2,reg
ldut_subsystem_sbus_system_bus_xbar_readys_mask_1,2,reg
ldut_subsystem_sbus_system_bus_xbar_readys_mask_2,2,reg
ldut_subsystem_sbus_system_bus_xbar_readys_mask_3,3,reg
ldut_subsystem_sbus_system_bus_xbar_readys_mask_4,3,reg
ldut_subsystem_sbus_system_bus_xbar_state_2_0,1,reg
ldut_subsystem_sbus_system_bus_xbar_state_2_1,1,reg
ldut_subsystem_sbus_system_bus_xbar_state_3_1,1,reg
ldut_subsystem_sbus_system_bus_xbar_state_4_0,1,reg
ldut_subsystem_sbus_system_bus_xbar_state_4_1,1,reg
ldut_subsystem_sbus_system_bus_xbar_state_4_2,1,reg
ldut_subsystem_sbus_system_bus_xbar_state__0,1,reg
ldut_subsystem_sbus_system_bus_xbar_state__1,1,reg
ldut_tile_prci_domain_buffer_1_bundleIn_0_b_q_maybe_full,1,reg
ldut_tile_prci_domain_buffer_1_bundleIn_0_b_q_value_1,1,reg
ldut_tile_prci_domain_buffer_1_bundleIn_0_d_q_maybe_full,1,reg
ldut_tile_prci_domain_buffer_1_bundleIn_0_d_q_value,1,reg
ldut_tile_prci_domain_buffer_1_bundleIn_0_d_q_value_1,1,reg
ldut_tile_prci_domain_buffer_1_bundleOut_0_a_q_maybe_full,1,reg
ldut_tile_prci_domain_buffer_1_bundleOut_0_a_q_value,1,reg
ldut_tile_prci_domain_buffer_1_bundleOut_0_a_q_value_1,1,reg
ldut_tile_prci_domain_buffer_1_bundleOut_0_c_q_maybe_full,1,reg
ldut_tile_prci_domain_buffer_1_bundleOut_0_c_q_value,1,reg
ldut_tile_prci_domain_buffer_1_bundleOut_0_c_q_value_1,1,reg
ldut_tile_prci_domain_buffer_1_bundleOut_0_e_q_maybe_full,1,reg
ldut_tile_prci_domain_buffer_1_bundleOut_0_e_q_value,1,reg
ldut_tile_prci_domain_intsink_chain_output_chain_sync_0,1,reg
ldut_tile_prci_domain_tile_reset_domain_tile_core__r,32,reg
ldut_tile_prci_domain_tile_reset_domain_tile_core_blocked,1,reg
ldut_tile_prci_domain_tile_reset_domain_tile_core_csr_io_status_cease_r,1,reg
ldut_tile_prci_domain_tile_reset_domain_tile_core_csr_reg_bp_0_address,39,reg
ldut_tile_prci_domain_tile_reset_domain_tile_core_csr_reg_bp_0_control_action,1,reg
ldut_tile_prci_domain_tile_reset_domain_tile_core_csr_reg_bp_0_control_m,1,reg
ldut_tile_prci_domain_tile_reset_domain_tile_core_csr_reg_bp_0_control_r,1,reg
ldut_tile_prci_domain_tile_reset_domain_tile_core_csr_reg_bp_0_control_s,1,reg
ldut_tile_prci_domain_tile_reset_domain_tile_core_csr_reg_bp_0_control_tmatch,2,reg
ldut_tile_prci_domain_tile_reset_domain_tile_core_csr_reg_bp_0_control_u,1,reg
ldut_tile_prci_domain_tile_reset_domain_tile_core_csr_reg_bp_0_control_w,1,reg
ldut_tile_prci_domain_tile_reset_domain_tile_core_csr_reg_bp_0_control_x,1,reg
ldut_tile_prci_domain_tile_reset_domain_tile_core_csr_reg_custom_0,64,reg
ldut_tile_prci_domain_tile_reset_domain_tile_core_csr_reg_dcsr_ebreakm,1,reg
ldut_tile_prci_domain_tile_reset_domain_tile_core_csr_reg_dcsr_ebreaks,1,reg
ldut_tile_prci_domain_tile_reset_domain_tile_core_csr_reg_dcsr_ebreaku,1,reg
ldut_tile_prci_domain_tile_reset_domain_tile_core_csr_reg_dcsr_prv,2,reg
ldut_tile_prci_domain_tile_reset_domain_tile_core_csr_reg_dcsr_step,1,reg
ldut_tile_prci_domain_tile_reset_domain_tile_core_csr_reg_debug,1,reg
ldut_tile_prci_domain_tile_reset_domain_tile_core_csr_reg_dpc,40,reg
ldut_tile_prci_domain_tile_reset_domain_tile_core_csr_reg_dscratch,64,reg
ldut_tile_prci_domain_tile_reset_domain_tile_core_csr_reg_fflags,5,reg
ldut_tile_prci_domain_tile_reset_domain_tile_core_csr_reg_frm,3,reg
ldut_tile_prci_domain_tile_reset_domain_tile_core_csr_reg_mcause,64,reg
ldut_tile_prci_domain_tile_reset_domain_tile_core_csr_reg_mcounteren,32,reg
ldut_tile_prci_domain_tile_reset_domain_tile_core_csr_reg_mcountinhibit,3,reg
ldut_tile_prci_domain_tile_reset_domain_tile_core_csr_reg_medeleg,64,reg
ldut_tile_prci_domain_tile_reset_domain_tile_core_csr_reg_mepc,40,reg
ldut_tile_prci_domain_tile_reset_domain_tile_core_csr_reg_mideleg,64,reg
ldut_tile_prci_domain_tile_reset_domain_tile_core_csr_reg_mie,64,reg
ldut_tile_prci_domain_tile_reset_domain_tile_core_csr_reg_mip_ssip,1,reg
ldut_tile_prci_domain_tile_reset_domain_tile_core_csr_reg_mip_stip,1,reg
ldut_tile_prci_domain_tile_reset_domain_tile_core_csr_reg_misa,64,reg
ldut_tile_prci_domain_tile_reset_domain_tile_core_csr_reg_mscratch,64,reg
ldut_tile_prci_domain_tile_reset_domain_tile_core_csr_reg_mstatus_fs,2,reg
ldut_tile_prci_domain_tile_reset_domain_tile_core_csr_reg_mstatus_mie,1,reg
ldut_tile_prci_domain_tile_reset_domain_tile_core_csr_reg_mstatus_mpie,1,reg
ldut_tile_prci_domain_tile_reset_domain_tile_core_csr_reg_mstatus_mpp,2,reg
ldut_tile_prci_domain_tile_reset_domain_tile_core_csr_reg_mstatus_mprv,1,reg
ldut_tile_prci_domain_tile_reset_domain_tile_core_csr_reg_mstatus_mxr,1,reg
ldut_tile_prci_domain_tile_reset_domain_tile_core_csr_reg_mstatus_prv,2,reg
ldut_tile_prci_domain_tile_reset_domain_tile_core_csr_reg_mstatus_sie,1,reg
ldut_tile_prci_domain_tile_reset_domain_tile_core_csr_reg_mstatus_spie,1,reg
ldut_tile_prci_domain_tile_reset_domain_tile_core_csr_reg_mstatus_spp,1,reg
ldut_tile_prci_domain_tile_reset_domain_tile_core_csr_reg_mstatus_sum,1,reg
ldut_tile_prci_domain_tile_reset_domain_tile_core_csr_reg_mstatus_tsr,1,reg
ldut_tile_prci_domain_tile_reset_domain_tile_core_csr_reg_mstatus_tvm,1,reg
ldut_tile_prci_domain_tile_reset_domain_tile_core_csr_reg_mstatus_tw,1,reg
ldut_tile_prci_domain_tile_reset_domain_tile_core_csr_reg_mtval,40,reg
ldut_tile_prci_domain_tile_reset_domain_tile_core_csr_reg_mtvec,32,reg
ldut_tile_prci_domain_tile_reset_domain_tile_core_csr_reg_pmp_0_addr,30,reg
ldut_tile_prci_domain_tile_reset_domain_tile_core_csr_reg_pmp_0_cfg_a,2,reg
ldut_tile_prci_domain_tile_reset_domain_tile_core_csr_reg_pmp_0_cfg_l,1,reg
ldut_tile_prci_domain_tile_reset_domain_tile_core_csr_reg_pmp_0_cfg_r,1,reg
ldut_tile_prci_domain_tile_reset_domain_tile_core_csr_reg_pmp_0_cfg_w,1,reg
ldut_tile_prci_domain_tile_reset_domain_tile_core_csr_reg_pmp_0_cfg_x,1,reg
ldut_tile_prci_domain_tile_reset_domain_tile_core_csr_reg_pmp_1_addr,30,reg
ldut_tile_prci_domain_tile_reset_domain_tile_core_csr_reg_pmp_1_cfg_a,2,reg
ldut_tile_prci_domain_tile_reset_domain_tile_core_csr_reg_pmp_1_cfg_l,1,reg
ldut_tile_prci_domain_tile_reset_domain_tile_core_csr_reg_pmp_1_cfg_r,1,reg
ldut_tile_prci_domain_tile_reset_domain_tile_core_csr_reg_pmp_1_cfg_w,1,reg
ldut_tile_prci_domain_tile_reset_domain_tile_core_csr_reg_pmp_1_cfg_x,1,reg
ldut_tile_prci_domain_tile_reset_domain_tile_core_csr_reg_pmp_2_addr,30,reg
ldut_tile_prci_domain_tile_reset_domain_tile_core_csr_reg_pmp_2_cfg_a,2,reg
ldut_tile_prci_domain_tile_reset_domain_tile_core_csr_reg_pmp_2_cfg_l,1,reg
ldut_tile_prci_domain_tile_reset_domain_tile_core_csr_reg_pmp_2_cfg_r,1,reg
ldut_tile_prci_domain_tile_reset_domain_tile_core_csr_reg_pmp_2_cfg_w,1,reg
ldut_tile_prci_domain_tile_reset_domain_tile_core_csr_reg_pmp_2_cfg_x,1,reg
ldut_tile_prci_domain_tile_reset_domain_tile_core_csr_reg_pmp_3_addr,30,reg
ldut_tile_prci_domain_tile_reset_domain_tile_core_csr_reg_pmp_3_cfg_a,2,reg
ldut_tile_prci_domain_tile_reset_domain_tile_core_csr_reg_pmp_3_cfg_l,1,reg
ldut_tile_prci_domain_tile_reset_domain_tile_core_csr_reg_pmp_3_cfg_r,1,reg
ldut_tile_prci_domain_tile_reset_domain_tile_core_csr_reg_pmp_3_cfg_w,1,reg
ldut_tile_prci_domain_tile_reset_domain_tile_core_csr_reg_pmp_3_cfg_x,1,reg
ldut_tile_prci_domain_tile_reset_domain_tile_core_csr_reg_pmp_4_addr,30,reg
ldut_tile_prci_domain_tile_reset_domain_tile_core_csr_reg_pmp_4_cfg_a,2,reg
ldut_tile_prci_domain_tile_reset_domain_tile_core_csr_reg_pmp_4_cfg_l,1,reg
ldut_tile_prci_domain_tile_reset_domain_tile_core_csr_reg_pmp_4_cfg_r,1,reg
ldut_tile_prci_domain_tile_reset_domain_tile_core_csr_reg_pmp_4_cfg_w,1,reg
ldut_tile_prci_domain_tile_reset_domain_tile_core_csr_reg_pmp_4_cfg_x,1,reg
ldut_tile_prci_domain_tile_reset_domain_tile_core_csr_reg_pmp_5_addr,30,reg
ldut_tile_prci_domain_tile_reset_domain_tile_core_csr_reg_pmp_5_cfg_a,2,reg
ldut_tile_prci_domain_tile_reset_domain_tile_core_csr_reg_pmp_5_cfg_l,1,reg
ldut_tile_prci_domain_tile_reset_domain_tile_core_csr_reg_pmp_5_cfg_r,1,reg
ldut_tile_prci_domain_tile_reset_domain_tile_core_csr_reg_pmp_5_cfg_w,1,reg
ldut_tile_prci_domain_tile_reset_domain_tile_core_csr_reg_pmp_5_cfg_x,1,reg
ldut_tile_prci_domain_tile_reset_domain_tile_core_csr_reg_pmp_6_addr,30,reg
ldut_tile_prci_domain_tile_reset_domain_tile_core_csr_reg_pmp_6_cfg_a,2,reg
ldut_tile_prci_domain_tile_reset_domain_tile_core_csr_reg_pmp_6_cfg_l,1,reg
ldut_tile_prci_domain_tile_reset_domain_tile_core_csr_reg_pmp_6_cfg_r,1,reg
ldut_tile_prci_domain_tile_reset_domain_tile_core_csr_reg_pmp_6_cfg_w,1,reg
ldut_tile_prci_domain_tile_reset_domain_tile_core_csr_reg_pmp_6_cfg_x,1,reg
ldut_tile_prci_domain_tile_reset_domain_tile_core_csr_reg_pmp_7_addr,30,reg
ldut_tile_prci_domain_tile_reset_domain_tile_core_csr_reg_pmp_7_cfg_a,2,reg
ldut_tile_prci_domain_tile_reset_domain_tile_core_csr_reg_pmp_7_cfg_l,1,reg
ldut_tile_prci_domain_tile_reset_domain_tile_core_csr_reg_pmp_7_cfg_r,1,reg
ldut_tile_prci_domain_tile_reset_domain_tile_core_csr_reg_pmp_7_cfg_w,1,reg
ldut_tile_prci_domain_tile_reset_domain_tile_core_csr_reg_pmp_7_cfg_x,1,reg
ldut_tile_prci_domain_tile_reset_domain_tile_core_csr_reg_satp_mode,4,reg
ldut_tile_prci_domain_tile_reset_domain_tile_core_csr_reg_satp_ppn,44,reg
ldut_tile_prci_domain_tile_reset_domain_tile_core_csr_reg_scause,64,reg
ldut_tile_prci_domain_tile_reset_domain_tile_core_csr_reg_scounteren,32,reg
ldut_tile_prci_domain_tile_reset_domain_tile_core_csr_reg_sepc,40,reg
ldut_tile_prci_domain_tile_reset_domain_tile_core_csr_reg_sscratch,64,reg
ldut_tile_prci_domain_tile_reset_domain_tile_core_csr_reg_stval,40,reg
ldut_tile_prci_domain_tile_reset_domain_tile_core_csr_reg_stvec,39,reg
ldut_tile_prci_domain_tile_reset_domain_tile_core_csr_reg_wfi,1,reg
ldut_tile_prci_domain_tile_reset_domain_tile_core_csr_value_hi,58,reg
ldut_tile_prci_domain_tile_reset_domain_tile_core_csr_value_hi_1,58,reg
ldut_tile_prci_domain_tile_reset_domain_tile_core_csr_value_lo,6,reg
ldut_tile_prci_domain_tile_reset_domain_tile_core_csr_value_lo_1,6,reg
ldut_tile_prci_domain_tile_reset_domain_tile_core_div_neg_out,1,reg
ldut_tile_prci_domain_tile_reset_domain_tile_core_div_resHi,1,reg
ldut_tile_prci_domain_tile_reset_domain_tile_core_div_state,3,reg
ldut_tile_prci_domain_tile_reset_domain_tile_core_ex_ctrl_alu_dw,1,reg
ldut_tile_prci_domain_tile_reset_domain_tile_core_ex_ctrl_alu_fn,4,reg
ldut_tile_prci_domain_tile_reset_domain_tile_core_ex_ctrl_csr,3,reg
ldut_tile_prci_domain_tile_reset_domain_tile_core_ex_ctrl_div,1,reg
ldut_tile_prci_domain_tile_reset_domain_tile_core_ex_ctrl_fp,1,reg
ldut_tile_prci_domain_tile_reset_domain_tile_core_ex_ctrl_jalr,1,reg
ldut_tile_prci_domain_tile_reset_domain_tile_core_ex_ctrl_mem,1,reg
ldut_tile_prci_domain_tile_reset_domain_tile_core_ex_ctrl_mem_cmd,5,reg
ldut_tile_prci_domain_tile_reset_domain_tile_core_ex_ctrl_sel_alu1,2,reg
ldut_tile_prci_domain_tile_reset_domain_tile_core_ex_ctrl_sel_alu2,2,reg
ldut_tile_prci_domain_tile_reset_domain_tile_core_ex_ctrl_sel_imm,3,reg
ldut_tile_prci_domain_tile_reset_domain_tile_core_ex_ctrl_wfd,1,reg
ldut_tile_prci_domain_tile_reset_domain_tile_core_ex_ctrl_wxd,1,reg
ldut_tile_prci_domain_tile_reset_domain_tile_core_ex_reg_inst,32,reg
ldut_tile_prci_domain_tile_reset_domain_tile_core_ex_reg_pc,40,reg
ldut_tile_prci_domain_tile_reset_domain_tile_core_ex_reg_replay,1,reg
ldut_tile_prci_domain_tile_reset_domain_tile_core_ex_reg_rs_bypass_0,1,reg
ldut_tile_prci_domain_tile_reset_domain_tile_core_ex_reg_rs_bypass_1,1,reg
ldut_tile_prci_domain_tile_reset_domain_tile_core_ex_reg_rs_lsb_0,2,reg
ldut_tile_prci_domain_tile_reset_domain_tile_core_ex_reg_rs_lsb_1,2,reg
ldut_tile_prci_domain_tile_reset_domain_tile_core_ex_reg_rs_msb_0,62,reg
ldut_tile_prci_domain_tile_reset_domain_tile_core_ex_reg_rs_msb_1,62,reg
ldut_tile_prci_domain_tile_reset_domain_tile_core_ex_reg_rvc,1,reg
ldut_tile_prci_domain_tile_reset_domain_tile_core_ex_reg_valid,1,reg
ldut_tile_prci_domain_tile_reset_domain_tile_core_ex_reg_xcpt_interrupt,1,reg
ldut_tile_prci_domain_tile_reset_domain_tile_core_ibuf_buf__data,32,reg
ldut_tile_prci_domain_tile_reset_domain_tile_core_ibuf_buf__pc,40,reg
ldut_tile_prci_domain_tile_reset_domain_tile_core_ibuf_buf__replay,1,reg
ldut_tile_prci_domain_tile_reset_domain_tile_core_ibuf_nBufValid,1,reg
ldut_tile_prci_domain_tile_reset_domain_tile_core_id_reg_fence,1,reg
ldut_tile_prci_domain_tile_reset_domain_tile_core_id_reg_pause,1,reg
ldut_tile_prci_domain_tile_reset_domain_tile_core_id_stall_fpu__r,32,reg
ldut_tile_prci_domain_tile_reset_domain_tile_core_mem_ctrl_branch,1,reg
ldut_tile_prci_domain_tile_reset_domain_tile_core_mem_ctrl_csr,3,reg
ldut_tile_prci_domain_tile_reset_domain_tile_core_mem_ctrl_div,1,reg
ldut_tile_prci_domain_tile_reset_domain_tile_core_mem_ctrl_fp,1,reg
ldut_tile_prci_domain_tile_reset_domain_tile_core_mem_ctrl_jal,1,reg
ldut_tile_prci_domain_tile_reset_domain_tile_core_mem_ctrl_mem,1,reg
ldut_tile_prci_domain_tile_reset_domain_tile_core_mem_ctrl_wfd,1,reg
ldut_tile_prci_domain_tile_reset_domain_tile_core_mem_ctrl_wxd,1,reg
ldut_tile_prci_domain_tile_reset_domain_tile_core_mem_reg_flush_pipe,1,reg
ldut_tile_prci_domain_tile_reset_domain_tile_core_mem_reg_inst,32,reg
ldut_tile_prci_domain_tile_reset_domain_tile_core_mem_reg_replay,1,reg
ldut_tile_prci_domain_tile_reset_domain_tile_core_mem_reg_sfence,1,reg
ldut_tile_prci_domain_tile_reset_domain_tile_core_mem_reg_slow_bypass,1,reg
ldut_tile_prci_domain_tile_reset_domain_tile_core_mem_reg_valid,1,reg
ldut_tile_prci_domain_tile_reset_domain_tile_core_mem_reg_wdata,64,reg
ldut_tile_prci_domain_tile_reset_domain_tile_core_mem_reg_xcpt,1,reg
ldut_tile_prci_domain_tile_reset_domain_tile_core_mem_reg_xcpt_interrupt,1,reg
ldut_tile_prci_domain_tile_reset_domain_tile_core_wb_ctrl_mem,1,reg
ldut_tile_prci_domain_tile_reset_domain_tile_core_wb_reg_flush_pipe,1,reg
ldut_tile_prci_domain_tile_reset_domain_tile_core_wb_reg_inst,32,reg
ldut_tile_prci_domain_tile_reset_domain_tile_core_wb_reg_replay,1,reg
ldut_tile_prci_domain_tile_reset_domain_tile_core_wb_reg_valid,1,reg
ldut_tile_prci_domain_tile_reset_domain_tile_core_wb_reg_wdata,64,reg
ldut_tile_prci_domain_tile_reset_domain_tile_core_wb_reg_xcpt,1,reg
ldut_tile_prci_domain_tile_reset_domain_tile_dcache_blockUncachedGrant,1,reg
ldut_tile_prci_domain_tile_reset_domain_tile_dcache_cached_grant_wait,1,reg
ldut_tile_prci_domain_tile_reset_domain_tile_dcache_counter,9,reg
ldut_tile_prci_domain_tile_reset_domain_tile_dcache_counter_1,9,reg
ldut_tile_prci_domain_tile_reset_domain_tile_dcache_doUncachedResp,1,reg
ldut_tile_prci_domain_tile_reset_domain_tile_dcache_io_cpu_s2_xcpt_REG,1,reg
ldut_tile_prci_domain_tile_reset_domain_tile_dcache_lfsr_prng_state_0,1,reg
ldut_tile_prci_domain_tile_reset_domain_tile_dcache_probe_bits_address,32,reg
ldut_tile_prci_domain_tile_reset_domain_tile_dcache_probe_bits_param,2,reg
ldut_tile_prci_domain_tile_reset_domain_tile_dcache_probe_bits_size,4,reg
ldut_tile_prci_domain_tile_reset_domain_tile_dcache_probe_bits_source,1,reg
ldut_tile_prci_domain_tile_reset_domain_tile_dcache_pstore1_data,64,reg
ldut_tile_prci_domain_tile_reset_domain_tile_dcache_pstore1_mask,8,reg
ldut_tile_prci_domain_tile_reset_domain_tile_dcache_pstore1_rmw_r,1,reg
ldut_tile_prci_domain_tile_reset_domain_tile_dcache_pstore2_addr,40,reg
ldut_tile_prci_domain_tile_reset_domain_tile_dcache_pstore2_valid,1,reg
ldut_tile_prci_domain_tile_reset_domain_tile_dcache_release_ack_addr,32,reg
ldut_tile_prci_domain_tile_reset_domain_tile_dcache_release_ack_wait,1,reg
ldut_tile_prci_domain_tile_reset_domain_tile_dcache_release_state,4,reg
ldut_tile_prci_domain_tile_reset_domain_tile_dcache_resetting,1,reg
ldut_tile_prci_domain_tile_reset_domain_tile_dcache_s1_probe,1,reg
ldut_tile_prci_domain_tile_reset_domain_tile_dcache_s1_req_addr,40,reg
ldut_tile_prci_domain_tile_reset_domain_tile_dcache_s1_req_cmd,5,reg
ldut_tile_prci_domain_tile_reset_domain_tile_dcache_s1_req_size,2,reg
ldut_tile_prci_domain_tile_reset_domain_tile_dcache_s1_tlb_req_passthrough,1,reg
ldut_tile_prci_domain_tile_reset_domain_tile_dcache_s1_tlb_req_size,2,reg
ldut_tile_prci_domain_tile_reset_domain_tile_dcache_s1_tlb_req_vaddr,40,reg
ldut_tile_prci_domain_tile_reset_domain_tile_dcache_s1_valid,1,reg
ldut_tile_prci_domain_tile_reset_domain_tile_dcache_s2_data,64,reg
ldut_tile_prci_domain_tile_reset_domain_tile_dcache_s2_hit_state_state,2,reg
ldut_tile_prci_domain_tile_reset_domain_tile_dcache_s2_hit_way,4,reg
ldut_tile_prci_domain_tile_reset_domain_tile_dcache_s2_meta_corrected_r,22,reg
ldut_tile_prci_domain_tile_reset_domain_tile_dcache_s2_meta_corrected_r_1,22,reg
ldut_tile_prci_domain_tile_reset_domain_tile_dcache_s2_meta_corrected_r_2,22,reg
ldut_tile_prci_domain_tile_reset_domain_tile_dcache_s2_meta_corrected_r_3,22,reg
ldut_tile_prci_domain_tile_reset_domain_tile_dcache_s2_not_nacked_in_s1,1,reg
ldut_tile_prci_domain_tile_reset_domain_tile_dcache_s2_pma_cacheable,1,reg
ldut_tile_prci_domain_tile_reset_domain_tile_dcache_s2_probe_state_state,2,reg
ldut_tile_prci_domain_tile_reset_domain_tile_dcache_s2_probe_way,4,reg
ldut_tile_prci_domain_tile_reset_domain_tile_dcache_s2_release_data_valid,1,reg
ldut_tile_prci_domain_tile_reset_domain_tile_dcache_s2_req_addr,40,reg
ldut_tile_prci_domain_tile_reset_domain_tile_dcache_s2_req_cmd,5,reg
ldut_tile_prci_domain_tile_reset_domain_tile_dcache_s2_req_signed,1,reg
ldut_tile_prci_domain_tile_reset_domain_tile_dcache_s2_req_size,2,reg
ldut_tile_prci_domain_tile_reset_domain_tile_dcache_s2_req_tag,7,reg
ldut_tile_prci_domain_tile_reset_domain_tile_dcache_s2_tlb_xcpt_ae_ld,1,reg
ldut_tile_prci_domain_tile_reset_domain_tile_dcache_s2_tlb_xcpt_ae_st,1,reg
ldut_tile_prci_domain_tile_reset_domain_tile_dcache_s2_tlb_xcpt_ma_ld,1,reg
ldut_tile_prci_domain_tile_reset_domain_tile_dcache_s2_tlb_xcpt_ma_st,1,reg
ldut_tile_prci_domain_tile_reset_domain_tile_dcache_s2_tlb_xcpt_pf_ld,1,reg
ldut_tile_prci_domain_tile_reset_domain_tile_dcache_s2_tlb_xcpt_pf_st,1,reg
ldut_tile_prci_domain_tile_reset_domain_tile_dcache_s2_valid,1,reg
ldut_tile_prci_domain_tile_reset_domain_tile_dcache_s2_victim_way_r,2,reg
ldut_tile_prci_domain_tile_reset_domain_tile_dcache_tlb_r_refill_tag,27,reg
ldut_tile_prci_domain_tile_reset_domain_tile_dcache_tlb_r_sectored_hit,1,reg
ldut_tile_prci_domain_tile_reset_domain_tile_dcache_tlb_r_sectored_hit_addr,3,reg
ldut_tile_prci_domain_tile_reset_domain_tile_dcache_tlb_r_sectored_repl_addr,3,reg
ldut_tile_prci_domain_tile_reset_domain_tile_dcache_tlb_r_superpage_repl_addr,2,reg
ldut_tile_prci_domain_tile_reset_domain_tile_dcache_tlb_sectored_entries_0_0_valid_0,1,reg
ldut_tile_prci_domain_tile_reset_domain_tile_dcache_tlb_sectored_entries_0_0_valid_1,1,reg
ldut_tile_prci_domain_tile_reset_domain_tile_dcache_tlb_sectored_entries_0_0_valid_2,1,reg
ldut_tile_prci_domain_tile_reset_domain_tile_dcache_tlb_sectored_entries_0_0_valid_3,1,reg
ldut_tile_prci_domain_tile_reset_domain_tile_dcache_tlb_sectored_entries_0_1_valid_0,1,reg
ldut_tile_prci_domain_tile_reset_domain_tile_dcache_tlb_sectored_entries_0_1_valid_1,1,reg
ldut_tile_prci_domain_tile_reset_domain_tile_dcache_tlb_sectored_entries_0_1_valid_2,1,reg
ldut_tile_prci_domain_tile_reset_domain_tile_dcache_tlb_sectored_entries_0_1_valid_3,1,reg
ldut_tile_prci_domain_tile_reset_domain_tile_dcache_tlb_sectored_entries_0_2_valid_0,1,reg
ldut_tile_prci_domain_tile_reset_domain_tile_dcache_tlb_sectored_entries_0_2_valid_1,1,reg
ldut_tile_prci_domain_tile_reset_domain_tile_dcache_tlb_sectored_entries_0_2_valid_2,1,reg
ldut_tile_prci_domain_tile_reset_domain_tile_dcache_tlb_sectored_entries_0_2_valid_3,1,reg
ldut_tile_prci_domain_tile_reset_domain_tile_dcache_tlb_sectored_entries_0_3_valid_0,1,reg
ldut_tile_prci_domain_tile_reset_domain_tile_dcache_tlb_sectored_entries_0_3_valid_1,1,reg
ldut_tile_prci_domain_tile_reset_domain_tile_dcache_tlb_sectored_entries_0_3_valid_2,1,reg
ldut_tile_prci_domain_tile_reset_domain_tile_dcache_tlb_sectored_entries_0_3_valid_3,1,reg
ldut_tile_prci_domain_tile_reset_domain_tile_dcache_tlb_sectored_entries_0_4_valid_0,1,reg
ldut_tile_prci_domain_tile_reset_domain_tile_dcache_tlb_sectored_entries_0_4_valid_1,1,reg
ldut_tile_prci_domain_tile_reset_domain_tile_dcache_tlb_sectored_entries_0_4_valid_2,1,reg
ldut_tile_prci_domain_tile_reset_domain_tile_dcache_tlb_sectored_entries_0_4_valid_3,1,reg
ldut_tile_prci_domain_tile_reset_domain_tile_dcache_tlb_sectored_entries_0_5_valid_0,1,reg
ldut_tile_prci_domain_tile_reset_domain_tile_dcache_tlb_sectored_entries_0_5_valid_1,1,reg
ldut_tile_prci_domain_tile_reset_domain_tile_dcache_tlb_sectored_entries_0_5_valid_2,1,reg
ldut_tile_prci_domain_tile_reset_domain_tile_dcache_tlb_sectored_entries_0_5_valid_3,1,reg
ldut_tile_prci_domain_tile_reset_domain_tile_dcache_tlb_sectored_entries_0_6_valid_0,1,reg
ldut_tile_prci_domain_tile_reset_domain_tile_dcache_tlb_sectored_entries_0_6_valid_1,1,reg
ldut_tile_prci_domain_tile_reset_domain_tile_dcache_tlb_sectored_entries_0_6_valid_2,1,reg
ldut_tile_prci_domain_tile_reset_domain_tile_dcache_tlb_sectored_entries_0_6_valid_3,1,reg
ldut_tile_prci_domain_tile_reset_domain_tile_dcache_tlb_sectored_entries_0_7_valid_0,1,reg
ldut_tile_prci_domain_tile_reset_domain_tile_dcache_tlb_sectored_entries_0_7_valid_1,1,reg
ldut_tile_prci_domain_tile_reset_domain_tile_dcache_tlb_sectored_entries_0_7_valid_2,1,reg
ldut_tile_prci_domain_tile_reset_domain_tile_dcache_tlb_sectored_entries_0_7_valid_3,1,reg
ldut_tile_prci_domain_tile_reset_domain_tile_dcache_tlb_special_entry_data_0,35,reg
ldut_tile_prci_domain_tile_reset_domain_tile_dcache_tlb_special_entry_valid_0,1,reg
ldut_tile_prci_domain_tile_reset_domain_tile_dcache_tlb_superpage_entries_0_valid_0,1,reg
ldut_tile_prci_domain_tile_reset_domain_tile_dcache_tlb_superpage_entries_1_valid_0,1,reg
ldut_tile_prci_domain_tile_reset_domain_tile_dcache_tlb_superpage_entries_2_valid_0,1,reg
ldut_tile_prci_domain_tile_reset_domain_tile_dcache_tlb_superpage_entries_3_valid_0,1,reg
ldut_tile_prci_domain_tile_reset_domain_tile_dcache_uncachedInFlight_0,1,reg
ldut_tile_prci_domain_tile_reset_domain_tile_fpuOpt_dfma_fma_roundRawFNToRecFN_io_in_b_isInf,1,reg
ldut_tile_prci_domain_tile_reset_domain_tile_fpuOpt_dfma_fma_roundRawFNToRecFN_io_in_b_isNaN,1,reg
ldut_tile_prci_domain_tile_reset_domain_tile_fpuOpt_dfma_fma_roundRawFNToRecFN_io_in_b_isZero,1,reg
ldut_tile_prci_domain_tile_reset_domain_tile_fpuOpt_dfma_fma_roundRawFNToRecFN_io_in_b_sExp,13,reg
ldut_tile_prci_domain_tile_reset_domain_tile_fpuOpt_dfma_fma_roundRawFNToRecFN_io_in_b_sig,56,reg
ldut_tile_prci_domain_tile_reset_domain_tile_fpuOpt_dfma_fma_roundRawFNToRecFN_io_in_b_sign,1,reg
ldut_tile_prci_domain_tile_reset_domain_tile_fpuOpt_dfma_fma_roundRawFNToRecFN_io_invalidExc_b,1,reg
ldut_tile_prci_domain_tile_reset_domain_tile_fpuOpt_divSqrt_divSqrtRecFNToRaw_divSqrtRawFN__inReady,1,reg
ldut_tile_prci_domain_tile_reset_domain_tile_fpuOpt_divSqrt_divSqrtRecFNToRaw_divSqrtRawFN__isInf_Z,1,reg
ldut_tile_prci_domain_tile_reset_domain_tile_fpuOpt_divSqrt_divSqrtRecFNToRaw_divSqrtRawFN__isNaN_Z,1,reg
ldut_tile_prci_domain_tile_reset_domain_tile_fpuOpt_divSqrt_divSqrtRecFNToRaw_divSqrtRawFN__isZero_Z,1,reg
ldut_tile_prci_domain_tile_reset_domain_tile_fpuOpt_divSqrt_divSqrtRecFNToRaw_divSqrtRawFN__majorExc_Z,1,reg
ldut_tile_prci_domain_tile_reset_domain_tile_fpuOpt_divSqrt_divSqrtRecFNToRaw_divSqrtRawFN__notZeroRem_Z,1,reg
ldut_tile_prci_domain_tile_reset_domain_tile_fpuOpt_divSqrt_divSqrtRecFNToRaw_divSqrtRawFN__rawOutValid,1,reg
ldut_tile_prci_domain_tile_reset_domain_tile_fpuOpt_divSqrt_divSqrtRecFNToRaw_divSqrtRawFN__sExp_Z,10,reg
ldut_tile_prci_domain_tile_reset_domain_tile_fpuOpt_divSqrt_divSqrtRecFNToRaw_divSqrtRawFN__sigX_Z,26,reg
ldut_tile_prci_domain_tile_reset_domain_tile_fpuOpt_divSqrt_divSqrtRecFNToRaw_divSqrtRawFN__sign_Z,1,reg
ldut_tile_prci_domain_tile_reset_domain_tile_fpuOpt_divSqrt_1_divSqrtRecFNToRaw_divSqrtRawFN__inReady,1,reg
ldut_tile_prci_domain_tile_reset_domain_tile_fpuOpt_divSqrt_1_divSqrtRecFNToRaw_divSqrtRawFN__isInf_Z,1,reg
ldut_tile_prci_domain_tile_reset_domain_tile_fpuOpt_divSqrt_1_divSqrtRecFNToRaw_divSqrtRawFN__isNaN_Z,1,reg
ldut_tile_prci_domain_tile_reset_domain_tile_fpuOpt_divSqrt_1_divSqrtRecFNToRaw_divSqrtRawFN__isZero_Z,1,reg
ldut_tile_prci_domain_tile_reset_domain_tile_fpuOpt_divSqrt_1_divSqrtRecFNToRaw_divSqrtRawFN__majorExc_Z,1,reg
ldut_tile_prci_domain_tile_reset_domain_tile_fpuOpt_divSqrt_1_divSqrtRecFNToRaw_divSqrtRawFN__notZeroRem_Z,1,reg
ldut_tile_prci_domain_tile_reset_domain_tile_fpuOpt_divSqrt_1_divSqrtRecFNToRaw_divSqrtRawFN__rawOutValid,1,reg
ldut_tile_prci_domain_tile_reset_domain_tile_fpuOpt_divSqrt_1_divSqrtRecFNToRaw_divSqrtRawFN__sExp_Z,13,reg
ldut_tile_prci_domain_tile_reset_domain_tile_fpuOpt_divSqrt_1_divSqrtRecFNToRaw_divSqrtRawFN__sigX_Z,55,reg
ldut_tile_prci_domain_tile_reset_domain_tile_fpuOpt_divSqrt_1_divSqrtRecFNToRaw_divSqrtRawFN__sign_Z,1,reg
ldut_tile_prci_domain_tile_reset_domain_tile_fpuOpt_divSqrt_killed,1,reg
ldut_tile_prci_domain_tile_reset_domain_tile_fpuOpt_ex_ra_0,5,reg
ldut_tile_prci_domain_tile_reset_domain_tile_fpuOpt_ex_ra_1,5,reg
ldut_tile_prci_domain_tile_reset_domain_tile_fpuOpt_ex_ra_2,5,reg
ldut_tile_prci_domain_tile_reset_domain_tile_fpuOpt_ex_reg_ctrl_div,1,reg
ldut_tile_prci_domain_tile_reset_domain_tile_fpuOpt_ex_reg_ctrl_fastpipe,1,reg
ldut_tile_prci_domain_tile_reset_domain_tile_fpuOpt_ex_reg_ctrl_fma,1,reg
ldut_tile_prci_domain_tile_reset_domain_tile_fpuOpt_ex_reg_ctrl_fromint,1,reg
ldut_tile_prci_domain_tile_reset_domain_tile_fpuOpt_ex_reg_ctrl_ren3,1,reg
ldut_tile_prci_domain_tile_reset_domain_tile_fpuOpt_ex_reg_ctrl_sqrt,1,reg
ldut_tile_prci_domain_tile_reset_domain_tile_fpuOpt_ex_reg_ctrl_swap23,1,reg
ldut_tile_prci_domain_tile_reset_domain_tile_fpuOpt_ex_reg_ctrl_toint,1,reg
ldut_tile_prci_domain_tile_reset_domain_tile_fpuOpt_ex_reg_ctrl_typeTagIn,2,reg
ldut_tile_prci_domain_tile_reset_domain_tile_fpuOpt_ex_reg_ctrl_typeTagOut,2,reg
ldut_tile_prci_domain_tile_reset_domain_tile_fpuOpt_ex_reg_ctrl_wflags,1,reg
ldut_tile_prci_domain_tile_reset_domain_tile_fpuOpt_ex_reg_inst,32,reg
ldut_tile_prci_domain_tile_reset_domain_tile_fpuOpt_ex_reg_valid,1,reg
ldut_tile_prci_domain_tile_reset_domain_tile_fpuOpt_mem_reg_valid,1,reg
ldut_tile_prci_domain_tile_reset_domain_tile_fpuOpt_sfma_fma_roundRawFNToRecFN_io_in_b_isInf,1,reg
ldut_tile_prci_domain_tile_reset_domain_tile_fpuOpt_sfma_fma_roundRawFNToRecFN_io_in_b_isNaN,1,reg
ldut_tile_prci_domain_tile_reset_domain_tile_fpuOpt_sfma_fma_roundRawFNToRecFN_io_in_b_isZero,1,reg
ldut_tile_prci_domain_tile_reset_domain_tile_fpuOpt_sfma_fma_roundRawFNToRecFN_io_in_b_sExp,10,reg
ldut_tile_prci_domain_tile_reset_domain_tile_fpuOpt_sfma_fma_roundRawFNToRecFN_io_in_b_sig,27,reg
ldut_tile_prci_domain_tile_reset_domain_tile_fpuOpt_sfma_fma_roundRawFNToRecFN_io_in_b_sign,1,reg
ldut_tile_prci_domain_tile_reset_domain_tile_fpuOpt_sfma_fma_roundRawFNToRecFN_io_invalidExc_b,1,reg
ldut_tile_prci_domain_tile_reset_domain_tile_fpuOpt_wb_reg_valid,1,reg
ldut_tile_prci_domain_tile_reset_domain_tile_fpuOpt_wen,3,reg
ldut_tile_prci_domain_tile_reset_domain_tile_frontend_btb_isValid,28,reg
ldut_tile_prci_domain_tile_reset_domain_tile_frontend_btb_pageValid,6,reg
ldut_tile_prci_domain_tile_reset_domain_tile_frontend_btb_pages_0,25,reg
ldut_tile_prci_domain_tile_reset_domain_tile_frontend_btb_pages_1,25,reg
ldut_tile_prci_domain_tile_reset_domain_tile_frontend_btb_pages_2,25,reg
ldut_tile_prci_domain_tile_reset_domain_tile_frontend_btb_pages_3,25,reg
ldut_tile_prci_domain_tile_reset_domain_tile_frontend_btb_pages_4,25,reg
ldut_tile_prci_domain_tile_reset_domain_tile_frontend_btb_pages_5,25,reg
ldut_tile_prci_domain_tile_reset_domain_tile_frontend_btb_r_btb_updatePipe_bits_cfiType,2,reg
ldut_tile_prci_domain_tile_reset_domain_tile_frontend_btb_r_btb_updatePipe_bits_pc,39,reg
ldut_tile_prci_domain_tile_reset_domain_tile_frontend_btb_r_btb_updatePipe_bits_prediction_entry,5,reg
ldut_tile_prci_domain_tile_reset_domain_tile_frontend_btb_r_btb_updatePipe_valid,1,reg
ldut_tile_prci_domain_tile_reset_domain_tile_frontend_btb_state_reg,27,reg
ldut_tile_prci_domain_tile_reset_domain_tile_frontend_fq_elts_0_btb_bridx,1,reg
ldut_tile_prci_domain_tile_reset_domain_tile_frontend_fq_elts_0_btb_taken,1,reg
ldut_tile_prci_domain_tile_reset_domain_tile_frontend_fq_elts_0_data,32,reg
ldut_tile_prci_domain_tile_reset_domain_tile_frontend_fq_elts_0_pc,40,reg
ldut_tile_prci_domain_tile_reset_domain_tile_frontend_fq_elts_0_replay,1,reg
ldut_tile_prci_domain_tile_reset_domain_tile_frontend_fq_valid_0,1,reg
ldut_tile_prci_domain_tile_reset_domain_tile_frontend_fq_valid_1,1,reg
ldut_tile_prci_domain_tile_reset_domain_tile_frontend_fq_valid_2,1,reg
ldut_tile_prci_domain_tile_reset_domain_tile_frontend_fq_valid_3,1,reg
ldut_tile_prci_domain_tile_reset_domain_tile_frontend_fq_valid_4,1,reg
ldut_tile_prci_domain_tile_reset_domain_tile_frontend_fq_io_enq_valid_REG,1,reg
ldut_tile_prci_domain_tile_reset_domain_tile_frontend_icache_refill_paddr,32,reg
ldut_tile_prci_domain_tile_reset_domain_tile_frontend_icache_repl_way_v0_prng_state_0,1,reg
ldut_tile_prci_domain_tile_reset_domain_tile_frontend_icache_s2_dout_0,32,reg
ldut_tile_prci_domain_tile_reset_domain_tile_frontend_icache_s2_dout_1,32,reg
ldut_tile_prci_domain_tile_reset_domain_tile_frontend_icache_s2_dout_2,32,reg
ldut_tile_prci_domain_tile_reset_domain_tile_frontend_icache_s2_dout_3,32,reg
ldut_tile_prci_domain_tile_reset_domain_tile_frontend_icache_s2_hit,1,reg
ldut_tile_prci_domain_tile_reset_domain_tile_frontend_icache_s2_request_refill_REG,1,reg
ldut_tile_prci_domain_tile_reset_domain_tile_frontend_icache_s2_tag_hit_0,1,reg
ldut_tile_prci_domain_tile_reset_domain_tile_frontend_icache_s2_tag_hit_1,1,reg
ldut_tile_prci_domain_tile_reset_domain_tile_frontend_icache_s2_tag_hit_2,1,reg
ldut_tile_prci_domain_tile_reset_domain_tile_frontend_icache_s2_tag_hit_3,1,reg
ldut_tile_prci_domain_tile_reset_domain_tile_frontend_icache_s2_tl_error,1,reg
ldut_tile_prci_domain_tile_reset_domain_tile_frontend_icache_s2_valid,1,reg
ldut_tile_prci_domain_tile_reset_domain_tile_frontend_s1_pc,40,reg
ldut_tile_prci_domain_tile_reset_domain_tile_frontend_s2_btb_resp_bits_bht_history,8,reg
ldut_tile_prci_domain_tile_reset_domain_tile_frontend_s2_btb_resp_bits_bht_value,1,reg
ldut_tile_prci_domain_tile_reset_domain_tile_frontend_s2_btb_resp_bits_bridx,1,reg
ldut_tile_prci_domain_tile_reset_domain_tile_frontend_s2_btb_resp_bits_taken,1,reg
ldut_tile_prci_domain_tile_reset_domain_tile_frontend_s2_btb_resp_valid,1,reg
ldut_tile_prci_domain_tile_reset_domain_tile_frontend_s2_partial_insn,16,reg
ldut_tile_prci_domain_tile_reset_domain_tile_frontend_s2_partial_insn_valid,1,reg
ldut_tile_prci_domain_tile_reset_domain_tile_frontend_s2_pc,40,reg
ldut_tile_prci_domain_tile_reset_domain_tile_frontend_s2_speculative,1,reg
ldut_tile_prci_domain_tile_reset_domain_tile_frontend_s2_tlb_resp_ae_inst,1,reg
ldut_tile_prci_domain_tile_reset_domain_tile_frontend_s2_tlb_resp_cacheable,1,reg
ldut_tile_prci_domain_tile_reset_domain_tile_frontend_s2_tlb_resp_miss,1,reg
ldut_tile_prci_domain_tile_reset_domain_tile_frontend_s2_tlb_resp_pf_inst,1,reg
ldut_tile_prci_domain_tile_reset_domain_tile_frontend_s2_valid,1,reg
ldut_tile_prci_domain_tile_reset_domain_tile_frontend_tlb_r_refill_tag,27,reg
ldut_tile_prci_domain_tile_reset_domain_tile_frontend_tlb_r_sectored_hit,1,reg
ldut_tile_prci_domain_tile_reset_domain_tile_frontend_tlb_r_sectored_hit_addr,3,reg
ldut_tile_prci_domain_tile_reset_domain_tile_frontend_tlb_r_sectored_repl_addr,3,reg
ldut_tile_prci_domain_tile_reset_domain_tile_frontend_tlb_r_superpage_repl_addr,2,reg
ldut_tile_prci_domain_tile_reset_domain_tile_frontend_tlb_sectored_entries_0_0_valid_0,1,reg
ldut_tile_prci_domain_tile_reset_domain_tile_frontend_tlb_sectored_entries_0_0_valid_1,1,reg
ldut_tile_prci_domain_tile_reset_domain_tile_frontend_tlb_sectored_entries_0_0_valid_2,1,reg
ldut_tile_prci_domain_tile_reset_domain_tile_frontend_tlb_sectored_entries_0_0_valid_3,1,reg
ldut_tile_prci_domain_tile_reset_domain_tile_frontend_tlb_sectored_entries_0_1_valid_0,1,reg
ldut_tile_prci_domain_tile_reset_domain_tile_frontend_tlb_sectored_entries_0_1_valid_1,1,reg
ldut_tile_prci_domain_tile_reset_domain_tile_frontend_tlb_sectored_entries_0_1_valid_2,1,reg
ldut_tile_prci_domain_tile_reset_domain_tile_frontend_tlb_sectored_entries_0_1_valid_3,1,reg
ldut_tile_prci_domain_tile_reset_domain_tile_frontend_tlb_sectored_entries_0_2_valid_0,1,reg
ldut_tile_prci_domain_tile_reset_domain_tile_frontend_tlb_sectored_entries_0_2_valid_1,1,reg
ldut_tile_prci_domain_tile_reset_domain_tile_frontend_tlb_sectored_entries_0_2_valid_2,1,reg
ldut_tile_prci_domain_tile_reset_domain_tile_frontend_tlb_sectored_entries_0_2_valid_3,1,reg
ldut_tile_prci_domain_tile_reset_domain_tile_frontend_tlb_sectored_entries_0_3_valid_0,1,reg
ldut_tile_prci_domain_tile_reset_domain_tile_frontend_tlb_sectored_entries_0_3_valid_1,1,reg
ldut_tile_prci_domain_tile_reset_domain_tile_frontend_tlb_sectored_entries_0_3_valid_2,1,reg
ldut_tile_prci_domain_tile_reset_domain_tile_frontend_tlb_sectored_entries_0_3_valid_3,1,reg
ldut_tile_prci_domain_tile_reset_domain_tile_frontend_tlb_sectored_entries_0_4_valid_0,1,reg
ldut_tile_prci_domain_tile_reset_domain_tile_frontend_tlb_sectored_entries_0_4_valid_1,1,reg
ldut_tile_prci_domain_tile_reset_domain_tile_frontend_tlb_sectored_entries_0_4_valid_2,1,reg
ldut_tile_prci_domain_tile_reset_domain_tile_frontend_tlb_sectored_entries_0_4_valid_3,1,reg
ldut_tile_prci_domain_tile_reset_domain_tile_frontend_tlb_sectored_entries_0_5_valid_0,1,reg
ldut_tile_prci_domain_tile_reset_domain_tile_frontend_tlb_sectored_entries_0_5_valid_1,1,reg
ldut_tile_prci_domain_tile_reset_domain_tile_frontend_tlb_sectored_entries_0_5_valid_2,1,reg
ldut_tile_prci_domain_tile_reset_domain_tile_frontend_tlb_sectored_entries_0_5_valid_3,1,reg
ldut_tile_prci_domain_tile_reset_domain_tile_frontend_tlb_sectored_entries_0_6_valid_0,1,reg
ldut_tile_prci_domain_tile_reset_domain_tile_frontend_tlb_sectored_entries_0_6_valid_1,1,reg
ldut_tile_prci_domain_tile_reset_domain_tile_frontend_tlb_sectored_entries_0_6_valid_2,1,reg
ldut_tile_prci_domain_tile_reset_domain_tile_frontend_tlb_sectored_entries_0_6_valid_3,1,reg
ldut_tile_prci_domain_tile_reset_domain_tile_frontend_tlb_sectored_entries_0_7_valid_0,1,reg
ldut_tile_prci_domain_tile_reset_domain_tile_frontend_tlb_sectored_entries_0_7_valid_1,1,reg
ldut_tile_prci_domain_tile_reset_domain_tile_frontend_tlb_sectored_entries_0_7_valid_2,1,reg
ldut_tile_prci_domain_tile_reset_domain_tile_frontend_tlb_sectored_entries_0_7_valid_3,1,reg
ldut_tile_prci_domain_tile_reset_domain_tile_frontend_tlb_special_entry_data_0,35,reg
ldut_tile_prci_domain_tile_reset_domain_tile_frontend_tlb_special_entry_valid_0,1,reg
ldut_tile_prci_domain_tile_reset_domain_tile_frontend_tlb_state,2,reg
ldut_tile_prci_domain_tile_reset_domain_tile_frontend_tlb_superpage_entries_0_valid_0,1,reg
ldut_tile_prci_domain_tile_reset_domain_tile_frontend_tlb_superpage_entries_1_valid_0,1,reg
ldut_tile_prci_domain_tile_reset_domain_tile_frontend_tlb_superpage_entries_2_valid_0,1,reg
ldut_tile_prci_domain_tile_reset_domain_tile_frontend_tlb_superpage_entries_3_valid_0,1,reg
ldut_tile_prci_domain_tile_reset_domain_tile_frontend_wrong_path,1,reg
ldut_tile_prci_domain_tile_reset_domain_tile_ptw_count,2,reg
ldut_tile_prci_domain_tile_reset_domain_tile_ptw_r_pte_a,1,reg
ldut_tile_prci_domain_tile_reset_domain_tile_ptw_r_pte_d,1,reg
ldut_tile_prci_domain_tile_reset_domain_tile_ptw_r_pte_g,1,reg
ldut_tile_prci_domain_tile_reset_domain_tile_ptw_r_pte_ppn,54,reg
ldut_tile_prci_domain_tile_reset_domain_tile_ptw_r_pte_r,1,reg
ldut_tile_prci_domain_tile_reset_domain_tile_ptw_r_pte_u,1,reg
ldut_tile_prci_domain_tile_reset_domain_tile_ptw_r_pte_v,1,reg
ldut_tile_prci_domain_tile_reset_domain_tile_ptw_r_pte_w,1,reg
ldut_tile_prci_domain_tile_reset_domain_tile_ptw_r_pte_x,1,reg
ldut_tile_prci_domain_tile_reset_domain_tile_ptw_r_req_addr,27,reg
ldut_tile_prci_domain_tile_reset_domain_tile_ptw_resp_valid_0,1,reg
ldut_tile_prci_domain_tile_reset_domain_tile_ptw_resp_valid_1,1,reg
ldut_tile_prci_domain_tile_reset_domain_tile_ptw_state,3,reg
ldut_tile_prci_domain_tile_reset_domain_tile_ptw_tags_0,32,reg
ldut_tile_prci_domain_tile_reset_domain_tile_ptw_tags_1,32,reg
ldut_tile_prci_domain_tile_reset_domain_tile_ptw_tags_2,32,reg
ldut_tile_prci_domain_tile_reset_domain_tile_ptw_tags_3,32,reg
ldut_tile_prci_domain_tile_reset_domain_tile_ptw_tags_4,32,reg
ldut_tile_prci_domain_tile_reset_domain_tile_ptw_tags_5,32,reg
ldut_tile_prci_domain_tile_reset_domain_tile_ptw_tags_6,32,reg
ldut_tile_prci_domain_tile_reset_domain_tile_ptw_tags_7,32,reg
ldut_tile_prci_domain_tile_reset_domain_tile_ptw_valid,8,reg
ldut_tile_prci_domain_tile_reset_domain_tile_tlMasterXbar_beatsLeft,9,reg
ldut_tile_prci_domain_tile_reset_domain_tile_tlMasterXbar_readys_mask,2,reg
ldut_tile_prci_domain_tile_reset_domain_tile_tlMasterXbar_state_0,1,reg
ldut_tile_prci_domain_tile_reset_domain_tile_tlMasterXbar_state_1,1,reg
ldut_reset_reg_reg,1,reg
mem_axi4buf_bundleIn_0_b_deq_maybe_full,1,reg
mem_axi4buf_bundleIn_0_b_deq_value_1,1,reg
mem_axi4buf_bundleIn_0_r_deq_maybe_full,1,reg
mem_axi4buf_bundleIn_0_r_deq_value_1,1,reg
mem_axi4buf_bundleOut_0_ar_deq_maybe_full,1,reg
mem_axi4buf_bundleOut_0_ar_deq_value,1,reg
mem_axi4buf_bundleOut_0_ar_deq_value_1,1,reg
mem_axi4buf_bundleOut_0_aw_deq_maybe_full,1,reg
mem_axi4buf_bundleOut_0_aw_deq_value_1,1,reg
mem_axi4buf_bundleOut_0_w_deq_maybe_full,1,reg
mem_axi4buf_bundleOut_0_w_deq_value,1,reg
mem_axi4frag_deq_maybe_full,1,reg
mem_axi4frag_deq_ram_len,8,reg
mem_axi4frag_deq_1_maybe_full,1,reg
mem_axi4frag_deq_1_ram_len,8,reg
mem_axi4frag_in_w_deq_maybe_full,1,reg
mem_axi4frag_r_len,8,reg
mem_axi4frag_r_len_1,8,reg
mem_axi4frag_w_counter,9,reg
mem_axi4frag_wbeats_latched,1,reg
mem_srams_r_full,1,reg
mem_srams_r_id,4,reg
mem_srams_w_echo_real_last,1,reg
mem_srams_w_full,1,reg
mem_srams_w_id,4,reg
mem_srams_w_sel1,1,reg
mmio_mem_axi4buf_bundleIn_0_b_deq_maybe_full,1,reg
mmio_mem_axi4buf_bundleIn_0_b_deq_value,1,reg
mmio_mem_axi4buf_bundleIn_0_b_deq_value_1,1,reg
mmio_mem_axi4buf_bundleIn_0_r_deq_maybe_full,1,reg
mmio_mem_axi4buf_bundleIn_0_r_deq_value,1,reg
mmio_mem_axi4buf_bundleIn_0_r_deq_value_1,1,reg
mmio_mem_axi4buf_bundleOut_0_ar_deq_maybe_full,1,reg
mmio_mem_axi4buf_bundleOut_0_ar_deq_value,1,reg
mmio_mem_axi4buf_bundleOut_0_ar_deq_value_1,1,reg
mmio_mem_axi4buf_bundleOut_0_aw_deq_maybe_full,1,reg
mmio_mem_axi4buf_bundleOut_0_aw_deq_value_1,1,reg
mmio_mem_axi4buf_bundleOut_0_w_deq_maybe_full,1,reg
mmio_mem_axi4buf_bundleOut_0_w_deq_value_1,1,reg
mmio_mem_axi4frag_deq_maybe_full,1,reg
mmio_mem_axi4frag_deq_ram_len,8,reg
mmio_mem_axi4frag_deq_1_maybe_full,1,reg
mmio_mem_axi4frag_deq_1_ram_len,8,reg
mmio_mem_axi4frag_in_w_deq_maybe_full,1,reg
mmio_mem_axi4frag_r_len,8,reg
mmio_mem_axi4frag_r_len_1,8,reg
mmio_mem_axi4frag_w_counter,9,reg
mmio_mem_axi4frag_wbeats_latched,1,reg
mmio_mem_srams_r_echo_real_last,1,reg
mmio_mem_srams_r_full,1,reg
mmio_mem_srams_r_id,4,reg
mmio_mem_srams_w_echo_real_last,1,reg
mmio_mem_srams_w_full,1,reg
mmio_mem_srams_w_id,4,reg
mmio_mem_srams_w_sel1,1,reg
ldut_debug_1_dmInner_dmInner__T_1,1,comb
mem_srams_mem_0___access_write_0_MPORT_address,25,comb
mem_srams_mem_0___access_write_0_MPORT_data,8,comb
mem_srams_mem_0___access_write_0_MPORT_enable,1,comb
mem_srams_mem_0_rdata_MPORT,8,comb
mem_srams_mem_0_rdata_MPORT__access_address,25,comb
mem_srams_mem_1___access_write_0_MPORT_address,25,comb
mem_srams_mem_1___access_write_0_MPORT_data,8,comb
mem_srams_mem_1___access_write_0_MPORT_enable,1,comb
mem_srams_mem_1_rdata_MPORT,8,comb
mem_srams_mem_1_rdata_MPORT__access_address,25,comb
mem_srams_mem_2___access_write_0_MPORT_address,25,comb
mem_srams_mem_2___access_write_0_MPORT_data,8,comb
mem_srams_mem_2___access_write_0_MPORT_enable,1,comb
mem_srams_mem_2_rdata_MPORT,8,comb
mem_srams_mem_2_rdata_MPORT__access_address,25,comb
mem_srams_mem_3___access_write_0_MPORT_address,25,comb
mem_srams_mem_3___access_write_0_MPORT_data,8,comb
mem_srams_mem_3___access_write_0_MPORT_enable,1,comb
mem_srams_mem_3_rdata_MPORT,8,comb
mem_srams_mem_3_rdata_MPORT__access_address,25,comb
mem_srams_mem_4___access_write_0_MPORT_address,25,comb
mem_srams_mem_4___access_write_0_MPORT_data,8,comb
mem_srams_mem_4___access_write_0_MPORT_enable,1,comb
mem_srams_mem_4_rdata_MPORT,8,comb
mem_srams_mem_4_rdata_MPORT__access_address,25,comb
mem_srams_mem_5___access_write_0_MPORT_address,25,comb
mem_srams_mem_5___access_write_0_MPORT_data,8,comb
mem_srams_mem_5___access_write_0_MPORT_enable,1,comb
mem_srams_mem_5_rdata_MPORT,8,comb
mem_srams_mem_5_rdata_MPORT__access_address,25,comb
mem_srams_mem_6___access_write_0_MPORT_address,25,comb
mem_srams_mem_6___access_write_0_MPORT_data,8,comb
mem_srams_mem_6___access_write_0_MPORT_enable,1,comb
mem_srams_mem_6_rdata_MPORT,8,comb
mem_srams_mem_6_rdata_MPORT__access_address,25,comb
mem_srams_mem_7___access_write_0_MPORT_address,25,comb
mem_srams_mem_7___access_write_0_MPORT_data,8,comb
mem_srams_mem_7___access_write_0_MPORT_enable,1,comb
mem_srams_mem_7_rdata_MPORT,8,comb
mem_srams_mem_7_rdata_MPORT__access_address,25,comb
